time;variable;index;id;name;numsamples;min;mean;max;std;
1960-01-01T00:00:00;index;0;AT;Osterreich;16037;-4.73965;-4.37273;-3.69333;0.264602
1960-01-01T00:00:00;index;1;BE;Belgique-Belgie;6223;-3.54496;-3.3604;-2.63864;0.271634
1960-01-01T00:00:00;index;2;BG;Balgariya;19525;-5.68816;-5.05793;-3.9075;0.675047
1960-01-01T00:00:00;index;3;CH;Schweiz/Suisse/Svizzera;7783;-4.284;-4.05187;-3.111;0.3313
1960-01-01T00:00:00;index;4;CY;Kipros / Kibris;1473;-4.01814;-4.01814;-4.01814;4.76837e-07
1960-01-01T00:00:00;index;5;CZ;Ceska republika;15755;-4.31691;-3.86192;-3.61211;0.22924
1960-01-01T00:00:00;index;6;DE;Deutschland;73481;-4.31691;-3.34503;-1.99601;0.285735
1960-01-01T00:00:00;index;7;DK;Danmark;9952;-3.15136;-2.37797;-1.99601;0.331616
1960-01-01T00:00:00;index;8;EE;Eesti;11238;-4.11711;-3.84677;-3.38722;0.245631
1960-01-01T00:00:00;index;9;EL;Ellada;21984;-5.68816;-4.82562;-3.34115;0.53057
1960-01-01T00:00:00;index;10;ES;Espana;84671;-4.59402;-4.15777;-3.79742;0.335776
1960-01-01T00:00:00;index;11;FI;Suomi / Finland;100744;-4.71058;-3.80865;-2.94015;0.455151
1960-01-01T00:00:00;index;12;HR;Hrvatska;10306;-4.73965;-4.5706;-3.75701;0.170331
1960-01-01T00:00:00;index;13;HU;Magyarorszag;17680;-4.73965;-4.19314;-3.28443;0.359784
1960-01-01T00:00:00;index;14;IE;Ireland;15033;nan;nan;nan;nan
1960-01-01T00:00:00;index;15;IS;Island;2413;nan;nan;nan;nan
1960-01-01T00:00:00;index;16;IT;Italia;53069;-4.73965;-4.19603;-3.34115;0.30226
1960-01-01T00:00:00;index;17;LI;Liechtenstein;28;-4.284;-4.284;-4.284;0.0
1960-01-01T00:00:00;index;18;LT;Lietuva;14716;-3.85837;-3.72337;-3.46147;0.115339
1960-01-01T00:00:00;index;19;LU;Luxembourg;519;-3.54496;-3.54496;-3.54496;2.38419e-07
1960-01-01T00:00:00;index;20;LV;Latvija;15217;-4.11711;-3.87454;-3.6985;0.17265
1960-01-01T00:00:00;index;21;ME;Tsrna Gora;2433;-4.57181;-4.57181;-4.57181;4.76837e-07
1960-01-01T00:00:00;index;22;MK;Poraneshna Jugoslovenska Republika Makedonija;4381;-5.22098;-4.82622;-3.65982;0.44757
1960-01-01T00:00:00;index;23;MT;Malta;50;-3.92988;-3.90654;-3.9007;0.01167
1960-01-01T00:00:00;index;24;NL;Nederland;7841;-3.54496;-2.84492;-2.32109;0.226102
1960-01-01T00:00:00;index;25;NO;Norge;96967;-3.54726;-2.84123;-1.87667;0.388294
1960-01-01T00:00:00;index;26;PL;Polska;65448;-4.09623;-3.64634;-2.96308;0.251067
1960-01-01T00:00:00;index;27;PT;Portugal;14961;nan;nan;nan;nan
1960-01-01T00:00:00;index;28;RO;Romania;44171;-5.08668;-3.95365;-3.28443;0.470931
1960-01-01T00:00:00;index;29;SE;Sverige;126657;-3.69085;-3.29496;-2.42381;0.273219
1960-01-01T00:00:00;index;30;SI;Slovenija;3767;-4.73965;-4.73829;-4.59813;0.0137682
1960-01-01T00:00:00;index;31;SK;Slovensko;9591;-4.31691;-3.99495;-3.61211;0.107682
1960-01-01T00:00:00;index;32;TR;Turkiye;65663;-6.34634;-4.50317;-3.42697;0.945355
1960-01-01T00:00:00;index;33;UK;United Kingdom;54019;-3.10033;-3.03925;-2.37026;0.0994769
1960-01-01T00:00:00;index;34;FR;France;103191;-4.73607;-3.3583;-2.52818;0.532532
1961-01-01T00:00:00;index;0;AT;Osterreich;16037;-5.01198;-4.90663;-4.57996;0.09851
1961-01-01T00:00:00;index;1;BE;Belgique-Belgie;6223;-5.27796;-4.3992;-4.15091;0.325983
1961-01-01T00:00:00;index;2;BG;Balgariya;19525;-4.51896;-4.00533;-1.4265;0.490601
1961-01-01T00:00:00;index;3;CH;Schweiz/Suisse/Svizzera;7783;-5.01198;-4.41972;-4.30229;0.241428
1961-01-01T00:00:00;index;4;CY;Kipros / Kibris;1473;-1.89552;-1.89552;-1.89552;1.19209e-07
1961-01-01T00:00:00;index;5;CZ;Ceska republika;15755;-4.8896;-4.81667;-4.57996;0.107477
1961-01-01T00:00:00;index;6;DE;Deutschland;73481;-5.27796;-4.72885;-2.74615;0.425256
1961-01-01T00:00:00;index;7;DK;Danmark;9952;-4.19516;-3.19278;-2.74615;0.467331
1961-01-01T00:00:00;index;8;EE;Eesti;11238;-3.67996;-3.41751;-2.3362;0.200748
1961-01-01T00:00:00;index;9;EL;Ellada;21984;-4.41827;-3.76866;-1.69198;0.528403
1961-01-01T00:00:00;index;10;ES;Espana;84671;-4.15567;-3.24909;-1.94753;0.660269
1961-01-01T00:00:00;index;11;FI;Suomi / Finland;100744;-3.60048;-2.68727;-1.79818;0.388495
1961-01-01T00:00:00;index;12;HR;Hrvatska;10306;-4.95776;-3.81198;-3.02651;0.796256
1961-01-01T00:00:00;index;13;HU;Magyarorszag;17680;-4.95776;-4.37359;-3.74042;0.269527
1961-01-01T00:00:00;index;14;IE;Ireland;15033;nan;nan;nan;nan
1961-01-01T00:00:00;index;15;IS;Island;2413;nan;nan;nan;nan
1961-01-01T00:00:00;index;16;IT;Italia;53069;-5.01198;-3.47444;-2.30031;0.84196
1961-01-01T00:00:00;index;17;LI;Liechtenstein;28;-5.01198;-5.01198;-5.01198;4.76837e-07
1961-01-01T00:00:00;index;18;LT;Lietuva;14716;-4.44255;-4.2561;-4.0871;0.164423
1961-01-01T00:00:00;index;19;LU;Luxembourg;519;-5.19319;-5.19319;-5.19319;0.0
1961-01-01T00:00:00;index;20;LV;Latvija;15217;-4.44255;-3.85643;-2.88444;0.514865
1961-01-01T00:00:00;index;21;ME;Tsrna Gora;2433;-3.87362;-3.87362;-3.87362;7.15256e-07
1961-01-01T00:00:00;index;22;MK;Poraneshna Jugoslovenska Republika Makedonija;4381;-4.41827;-4.00971;-3.50688;0.451382
1961-01-01T00:00:00;index;23;MT;Malta;50;-4.13258;-4.0257;-3.59815;0.213773
1961-01-01T00:00:00;index;24;NL;Nederland;7841;-5.27796;-4.53346;-3.27762;0.646756
1961-01-01T00:00:00;index;25;NO;Norge;96967;-4.15755;-2.8999;-1.81513;0.537593
1961-01-01T00:00:00;index;26;PL;Polska;65448;-5.33829;-4.68582;-4.10432;0.387537
1961-01-01T00:00:00;index;27;PT;Portugal;14961;nan;nan;nan;nan
1961-01-01T00:00:00;index;28;RO;Romania;44171;-5.002;-4.20646;-2.50123;0.643253
1961-01-01T00:00:00;index;29;SE;Sverige;126657;-4.38149;-3.09452;-1.79818;0.663088
1961-01-01T00:00:00;index;30;SI;Slovenija;3767;-4.95776;-4.93934;-3.0299;0.187562
1961-01-01T00:00:00;index;31;SK;Slovensko;9591;-4.8896;-4.49364;-4.15489;0.187847
1961-01-01T00:00:00;index;32;TR;Turkiye;65663;-4.30253;-2.54752;-0.819291;1.14224
1961-01-01T00:00:00;index;33;UK;United Kingdom;54019;-3.995;-3.81835;-2.91437;0.23087
1961-01-01T00:00:00;index;34;FR;France;103191;-5.19319;-4.03055;-2.30031;0.380912
1962-01-01T00:00:00;index;0;AT;Osterreich;16037;-3.57488;-3.25815;-2.81872;0.310874
1962-01-01T00:00:00;index;1;BE;Belgique-Belgie;6223;-3.1412;-2.7941;-2.51666;0.143679
1962-01-01T00:00:00;index;2;BG;Balgariya;19525;-4.27274;-3.65355;-1.3598;0.671875
1962-01-01T00:00:00;index;3;CH;Schweiz/Suisse/Svizzera;7783;-3.50168;-3.38218;-2.91846;0.215443
1962-01-01T00:00:00;index;4;CY;Kipros / Kibris;1473;-2.47057;-2.47057;-2.47057;4.76837e-07
1962-01-01T00:00:00;index;5;CZ;Ceska republika;15755;-3.57488;-2.636;-2.36646;0.456317
1962-01-01T00:00:00;index;6;DE;Deutschland;73481;-3.57488;-2.54173;-1.39412;0.495689
1962-01-01T00:00:00;index;7;DK;Danmark;9952;-3.09271;-2.01824;-1.4565;0.38517
1962-01-01T00:00:00;index;8;EE;Eesti;11238;-1.47633;-0.667316;-0.471825;0.169648
1962-01-01T00:00:00;index;9;EL;Ellada;21984;-4.27274;-3.15165;-0.830538;1.05103
1962-01-01T00:00:00;index;10;ES;Espana;84671;-3.36011;-2.88457;-1.3739;0.523439
1962-01-01T00:00:00;index;11;FI;Suomi / Finland;100744;-2.10002;-1.73085;-0.744519;0.369026
1962-01-01T00:00:00;index;12;HR;Hrvatska;10306;-3.21897;-2.73102;-2.35324;0.26219
1962-01-01T00:00:00;index;13;HU;Magyarorszag;17680;-3.57488;-2.59437;-2.18301;0.240183
1962-01-01T00:00:00;index;14;IE;Ireland;15033;nan;nan;nan;nan
1962-01-01T00:00:00;index;15;IS;Island;2413;nan;nan;nan;nan
1962-01-01T00:00:00;index;16;IT;Italia;53069;-3.50168;-2.44786;-1.00719;0.647985
1962-01-01T00:00:00;index;17;LI;Liechtenstein;28;-2.91846;-2.91846;-2.91846;4.76837e-07
1962-01-01T00:00:00;index;18;LT;Lietuva;14716;-1.45868;-1.42381;-1.35062;0.0432764
1962-01-01T00:00:00;index;19;LU;Luxembourg;519;-3.1412;-3.1412;-3.1412;0.0
1962-01-01T00:00:00;index;20;LV;Latvija;15217;-1.45868;-1.00325;-0.471825;0.432647
1962-01-01T00:00:00;index;21;ME;Tsrna Gora;2433;-2.52221;-2.52221;-2.52221;0.0
1962-01-01T00:00:00;index;22;MK;Poraneshna Jugoslovenska Republika Makedonija;4381;-4.27274;-3.56156;-2.28447;0.786814
1962-01-01T00:00:00;index;23;MT;Malta;50;-2.79745;-2.5378;-1.4992;0.519299
1962-01-01T00:00:00;index;24;NL;Nederland;7841;-3.1412;-2.58938;-1.77806;0.314624
1962-01-01T00:00:00;index;25;NO;Norge;96967;-2.94396;-2.13432;-1.00431;0.663812
1962-01-01T00:00:00;index;26;PL;Polska;65448;-2.81872;-1.9656;-1.34326;0.426478
1962-01-01T00:00:00;index;27;PT;Portugal;14961;nan;nan;nan;nan
1962-01-01T00:00:00;index;28;RO;Romania;44171;-4.1126;-3.24424;-1.3598;0.728653
1962-01-01T00:00:00;index;29;SE;Sverige;126657;-3.09271;-1.93832;-0.707718;0.477047
1962-01-01T00:00:00;index;30;SI;Slovenija;3767;-2.98755;-2.98351;-2.56518;0.0410925
1962-01-01T00:00:00;index;31;SK;Slovensko;9591;-3.57488;-2.64674;-2.18301;0.2704
1962-01-01T00:00:00;index;32;TR;Turkiye;65663;-5.61756;-3.63698;-1.33645;1.10175
1962-01-01T00:00:00;index;33;UK;United Kingdom;54019;-2.9732;-2.49836;-2.03284;0.26709
1962-01-01T00:00:00;index;34;FR;France;103191;-3.50168;-2.8066;-1.34919;0.44419
1963-01-01T00:00:00;index;0;AT;Osterreich;16037;-3.29806;-2.70813;-1.68904;0.611042
1963-01-01T00:00:00;index;1;BE;Belgique-Belgie;6223;-4.60472;-4.30075;-4.09007;0.13752
1963-01-01T00:00:00;index;2;BG;Balgariya;19525;-3.59789;-3.14541;-1.51282;0.392599
1963-01-01T00:00:00;index;3;CH;Schweiz/Suisse/Svizzera;7783;-4.51047;-4.25969;-3.24548;0.451515
1963-01-01T00:00:00;index;4;CY;Kipros / Kibris;1473;-2.76845;-2.76845;-2.76845;2.38419e-07
1963-01-01T00:00:00;index;5;CZ;Ceska republika;15755;-4.00629;-2.83464;-2.56006;0.354207
1963-01-01T00:00:00;index;6;DE;Deutschland;73481;-4.60472;-3.58288;-1.85534;0.750499
1963-01-01T00:00:00;index;7;DK;Danmark;9952;-3.40723;-2.12645;-1.08658;0.308403
1963-01-01T00:00:00;index;8;EE;Eesti;11238;-2.97636;-1.94602;-0.427755;0.911192
1963-01-01T00:00:00;index;9;EL;Ellada;21984;-3.55811;-2.4118;-0.636855;0.869602
1963-01-01T00:00:00;index;10;ES;Espana;84671;-3.07482;-2.65737;-1.50378;0.461126
1963-01-01T00:00:00;index;11;FI;Suomi / Finland;100744;-3.06821;-1.85076;0.45294;0.613303
1963-01-01T00:00:00;index;12;HR;Hrvatska;10306;-3.02924;-1.78753;-0.817014;0.518906
1963-01-01T00:00:00;index;13;HU;Magyarorszag;17680;-3.43773;-3.03187;-1.68904;0.322926
1963-01-01T00:00:00;index;14;IE;Ireland;15033;nan;nan;nan;nan
1963-01-01T00:00:00;index;15;IS;Island;2413;nan;nan;nan;nan
1963-01-01T00:00:00;index;16;IT;Italia;53069;-4.51047;-1.89783;-0.636855;0.988404
1963-01-01T00:00:00;index;17;LI;Liechtenstein;28;-3.29806;-3.29806;-3.29806;2.38419e-07
1963-01-01T00:00:00;index;18;LT;Lietuva;14716;-3.83209;-3.30486;-2.77287;0.491911
1963-01-01T00:00:00;index;19;LU;Luxembourg;519;-4.60472;-4.60472;-4.60472;4.76837e-07
1963-01-01T00:00:00;index;20;LV;Latvija;15217;-3.89936;-2.93294;-1.25495;0.823718
1963-01-01T00:00:00;index;21;ME;Tsrna Gora;2433;-1.89891;-1.89891;-1.89891;2.38419e-07
1963-01-01T00:00:00;index;22;MK;Poraneshna Jugoslovenska Republika Makedonija;4381;-3.59789;-3.50283;-0.636855;0.443201
1963-01-01T00:00:00;index;23;MT;Malta;50;-0.784576;-0.028516;0.160499;0.37803
1963-01-01T00:00:00;index;24;NL;Nederland;7841;-4.60472;-4.2055;-2.97515;0.401529
1963-01-01T00:00:00;index;25;NO;Norge;96967;-2.78412;-2.01097;-1.21257;0.400157
1963-01-01T00:00:00;index;26;PL;Polska;65448;-3.69222;-2.81226;-1.85873;0.576477
1963-01-01T00:00:00;index;27;PT;Portugal;14961;nan;nan;nan;nan
1963-01-01T00:00:00;index;28;RO;Romania;44171;-4.63084;-3.19018;-1.74303;0.731246
1963-01-01T00:00:00;index;29;SE;Sverige;126657;-2.44796;-1.57524;0.503055;0.605078
1963-01-01T00:00:00;index;30;SI;Slovenija;3767;-1.68904;-1.68768;-1.54709;0.0138102
1963-01-01T00:00:00;index;31;SK;Slovensko;9591;-3.43773;-3.03844;-2.56006;0.236064
1963-01-01T00:00:00;index;32;TR;Turkiye;65663;-5.05215;-3.18812;-1.59384;1.00117
1963-01-01T00:00:00;index;33;UK;United Kingdom;54019;-4.06018;-3.83382;-1.77281;0.413094
1963-01-01T00:00:00;index;34;FR;France;103191;-4.60472;-3.34397;-1.50378;0.619314
1964-01-01T00:00:00;index;0;AT;Osterreich;16037;-2.31331;-1.74407;-0.778138;0.609892
1964-01-01T00:00:00;index;1;BE;Belgique-Belgie;6223;-2.85246;-1.85425;-1.7558;0.2164
1964-01-01T00:00:00;index;2;BG;Balgariya;19525;-3.41258;-2.71553;-1.08578;0.58339
1964-01-01T00:00:00;index;3;CH;Schweiz/Suisse/Svizzera;7783;-2.55505;-1.17168;-0.778138;0.490923
1964-01-01T00:00:00;index;4;CY;Kipros / Kibris;1473;-2.02694;-2.02694;-2.02694;4.76837e-07
1964-01-01T00:00:00;index;5;CZ;Ceska republika;15755;-2.31331;-1.80288;-1.5864;0.275315
1964-01-01T00:00:00;index;6;DE;Deutschland;73481;-2.85246;-2.01077;-0.778138;0.513487
1964-01-01T00:00:00;index;7;DK;Danmark;9952;-1.94151;-1.28996;-0.935958;0.30485
1964-01-01T00:00:00;index;8;EE;Eesti;11238;-2.37305;-2.18277;-1.71272;0.144364
1964-01-01T00:00:00;index;9;EL;Ellada;21984;-3.41258;-2.64917;0.0867231;0.678692
1964-01-01T00:00:00;index;10;ES;Espana;84671;-2.95962;-1.99593;0.152653;0.908193
1964-01-01T00:00:00;index;11;FI;Suomi / Finland;100744;-2.06598;-0.886953;0.442848;0.544379
1964-01-01T00:00:00;index;12;HR;Hrvatska;10306;-2.20186;-1.10751;0.287735;0.734086
1964-01-01T00:00:00;index;13;HU;Magyarorszag;17680;-2.31331;-1.91721;-1.31411;0.187138
1964-01-01T00:00:00;index;14;IE;Ireland;15033;nan;nan;nan;nan
1964-01-01T00:00:00;index;15;IS;Island;2413;nan;nan;nan;nan
1964-01-01T00:00:00;index;16;IT;Italia;53069;-1.56192;-0.459427;1.17413;0.725455
1964-01-01T00:00:00;index;17;LI;Liechtenstein;28;-0.778138;-0.778138;-0.778138;1.78814e-07
1964-01-01T00:00:00;index;18;LT;Lietuva;14716;-1.75802;-1.5844;-0.845867;0.277323
1964-01-01T00:00:00;index;19;LU;Luxembourg;519;-2.37695;-2.37695;-2.37695;2.38419e-07
1964-01-01T00:00:00;index;20;LV;Latvija;15217;-2.63238;-1.99539;-1.6498;0.321167
1964-01-01T00:00:00;index;21;ME;Tsrna Gora;2433;-2.08462;-2.08462;-2.08462;0.0
1964-01-01T00:00:00;index;22;MK;Poraneshna Jugoslovenska Republika Makedonija;4381;-3.41258;-3.23168;0.0867231;0.512669
1964-01-01T00:00:00;index;23;MT;Malta;50;-0.908548;-0.791167;-0.321641;0.234763
1964-01-01T00:00:00;index;24;NL;Nederland;7841;-2.85246;-2.18731;-0.887227;0.558214
1964-01-01T00:00:00;index;25;NO;Norge;96967;-1.9751;-0.830951;1.13935;0.892299
1964-01-01T00:00:00;index;26;PL;Polska;65448;-2.20898;-1.75433;-1.16422;0.331658
1964-01-01T00:00:00;index;27;PT;Portugal;14961;nan;nan;nan;nan
1964-01-01T00:00:00;index;28;RO;Romania;44171;-2.98023;-2.03527;-0.787565;0.616903
1964-01-01T00:00:00;index;29;SE;Sverige;126657;-1.9751;-1.15619;0.110733;0.49337
1964-01-01T00:00:00;index;30;SI;Slovenija;3767;-1.31411;-1.30595;-0.459828;0.0831133
1964-01-01T00:00:00;index;31;SK;Slovensko;9591;-2.31331;-2.02165;-1.91019;0.0469189
1964-01-01T00:00:00;index;32;TR;Turkiye;65663;-3.96454;-2.95917;-1.68926;0.797561
1964-01-01T00:00:00;index;33;UK;United Kingdom;54019;-2.50525;-1.91476;0.0140313;0.647134
1964-01-01T00:00:00;index;34;FR;France;103191;-2.95962;-1.2191;0.435141;0.707474
1965-01-01T00:00:00;index;0;AT;Osterreich;16037;-1.15774;-0.741865;-0.398346;0.238505
1965-01-01T00:00:00;index;1;BE;Belgique-Belgie;6223;-0.68549;0.397732;0.605792;0.390045
1965-01-01T00:00:00;index;2;BG;Balgariya;19525;-4.24124;-3.15564;-0.628474;1.2298
1965-01-01T00:00:00;index;3;CH;Schweiz/Suisse/Svizzera;7783;-1.15774;-0.886702;-0.260019;0.230265
1965-01-01T00:00:00;index;4;CY;Kipros / Kibris;1473;-3.29492;-3.29492;-3.29492;2.38419e-07
1965-01-01T00:00:00;index;5;CZ;Ceska republika;15755;-0.858318;-0.463114;-0.0933022;0.187973
1965-01-01T00:00:00;index;6;DE;Deutschland;73481;-1.15774;-0.419759;0.941068;0.423196
1965-01-01T00:00:00;index;7;DK;Danmark;9952;-0.812711;0.404751;0.941068;0.43234
1965-01-01T00:00:00;index;8;EE;Eesti;11238;-4.01273;-2.6897;-1.17422;0.716422
1965-01-01T00:00:00;index;9;EL;Ellada;21984;-4.24124;-3.17749;-2.22369;0.631425
1965-01-01T00:00:00;index;10;ES;Espana;84671;-2.92896;-1.8204;-0.236326;1.06682
1965-01-01T00:00:00;index;11;FI;Suomi / Finland;100744;-4.63505;-3.19434;-0.301332;0.968672
1965-01-01T00:00:00;index;12;HR;Hrvatska;10306;-2.02763;-0.864923;-0.105446;0.567008
1965-01-01T00:00:00;index;13;HU;Magyarorszag;17680;-1.06974;-0.422727;-0.105446;0.369125
1965-01-01T00:00:00;index;14;IE;Ireland;15033;nan;nan;nan;nan
1965-01-01T00:00:00;index;15;IS;Island;2413;nan;nan;nan;nan
1965-01-01T00:00:00;index;16;IT;Italia;53069;-3.86483;-1.57521;-0.273068;0.956299
1965-01-01T00:00:00;index;17;LI;Liechtenstein;28;-1.15774;-1.15774;-1.15774;0.0
1965-01-01T00:00:00;index;18;LT;Lietuva;14716;-3.17319;-2.1585;-1.04312;0.732407
1965-01-01T00:00:00;index;19;LU;Luxembourg;519;-0.500725;-0.500725;-0.500725;5.96046e-08
1965-01-01T00:00:00;index;20;LV;Latvija;15217;-3.62378;-2.63278;-1.40588;0.735983
1965-01-01T00:00:00;index;21;ME;Tsrna Gora;2433;-2.02763;-2.02763;-2.02763;0.0
1965-01-01T00:00:00;index;22;MK;Poraneshna Jugoslovenska Republika Makedonija;4381;-2.88584;-2.07368;-1.8391;0.223272
1965-01-01T00:00:00;index;23;MT;Malta;50;-2.51854;-2.50254;-2.43857;0.031986
1965-01-01T00:00:00;index;24;NL;Nederland;7841;-0.68549;-0.068185;1.2007;0.563682
1965-01-01T00:00:00;index;25;NO;Norge;96967;-2.81462;-1.40228;1.34437;0.977325
1965-01-01T00:00:00;index;26;PL;Polska;65448;-2.04615;-0.984659;-0.0933022;0.618987
1965-01-01T00:00:00;index;27;PT;Portugal;14961;nan;nan;nan;nan
1965-01-01T00:00:00;index;28;RO;Romania;44171;-3.57674;-1.4069;-0.105446;0.746246
1965-01-01T00:00:00;index;29;SE;Sverige;126657;-2.81462;-1.51666;0.525402;0.859598
1965-01-01T00:00:00;index;30;SI;Slovenija;3767;-1.2402;-0.443103;-0.435412;0.0782976
1965-01-01T00:00:00;index;31;SK;Slovensko;9591;-1.53655;-0.562183;-0.0933022;0.336724
1965-01-01T00:00:00;index;32;TR;Turkiye;65663;-5.09626;-3.88609;-2.86122;0.707943
1965-01-01T00:00:00;index;33;UK;United Kingdom;54019;-0.166756;0.517221;1.06652;0.326831
1965-01-01T00:00:00;index;34;FR;France;103191;-2.91304;0.018141;0.605792;0.446282
1966-01-01T00:00:00;index;0;AT;Osterreich;16037;-2.99917;-2.74121;-1.77523;0.316368
1966-01-01T00:00:00;index;1;BE;Belgique-Belgie;6223;-2.84874;-2.33869;-2.22489;0.211085
1966-01-01T00:00:00;index;2;BG;Balgariya;19525;-3.50848;-3.07569;-1.36712;0.636623
1966-01-01T00:00:00;index;3;CH;Schweiz/Suisse/Svizzera;7783;-2.47543;-2.28838;-1.54131;0.266853
1966-01-01T00:00:00;index;4;CY;Kipros / Kibris;1473;-1.65259;-1.65259;-1.65259;1.19209e-07
1966-01-01T00:00:00;index;5;CZ;Ceska republika;15755;-2.84707;-2.16588;-1.70885;0.404908
1966-01-01T00:00:00;index;6;DE;Deutschland;73481;-2.84707;-2.41823;-1.15753;0.387377
1966-01-01T00:00:00;index;7;DK;Danmark;9952;-3.07225;-1.7587;-1.15753;0.608486
1966-01-01T00:00:00;index;8;EE;Eesti;11238;-2.92716;-2.38631;-1.91067;0.199574
1966-01-01T00:00:00;index;9;EL;Ellada;21984;-3.50848;-1.55097;-0.512198;0.380281
1966-01-01T00:00:00;index;10;ES;Espana;84671;-3.29304;-2.41198;-1.06175;0.727164
1966-01-01T00:00:00;index;11;FI;Suomi / Finland;100744;-2.89706;-2.18089;-1.55726;0.377219
1966-01-01T00:00:00;index;12;HR;Hrvatska;10306;-2.99917;-1.45457;0.154905;1.13536
1966-01-01T00:00:00;index;13;HU;Magyarorszag;17680;-2.99917;-2.38646;-2.3265;0.142338
1966-01-01T00:00:00;index;14;IE;Ireland;15033;nan;nan;nan;nan
1966-01-01T00:00:00;index;15;IS;Island;2413;nan;nan;nan;nan
1966-01-01T00:00:00;index;16;IT;Italia;53069;-2.99917;-0.952223;0.154905;0.879281
1966-01-01T00:00:00;index;17;LI;Liechtenstein;28;-2.47543;-2.47543;-2.47543;0.0
1966-01-01T00:00:00;index;18;LT;Lietuva;14716;-2.37388;-2.24983;-2.13603;0.0872678
1966-01-01T00:00:00;index;19;LU;Luxembourg;519;-2.49158;-2.49157;-2.49158;2.38419e-07
1966-01-01T00:00:00;index;20;LV;Latvija;15217;-2.84074;-2.32477;-1.91067;0.216192
1966-01-01T00:00:00;index;21;ME;Tsrna Gora;2433;-1.56614;-1.56614;-1.56614;1.19209e-07
1966-01-01T00:00:00;index;22;MK;Poraneshna Jugoslovenska Republika Makedonija;4381;-3.17947;-2.24847;-0.512198;0.814193
1966-01-01T00:00:00;index;23;MT;Malta;50;-1.0632;-0.893312;-0.213778;0.339767
1966-01-01T00:00:00;index;24;NL;Nederland;7841;-2.84874;-2.59979;-0.73185;0.314291
1966-01-01T00:00:00;index;25;NO;Norge;96967;-3.29562;-2.238;-1.41563;0.501474
1966-01-01T00:00:00;index;26;PL;Polska;65448;-2.71312;-2.20563;-1.70885;0.267619
1966-01-01T00:00:00;index;27;PT;Portugal;14961;nan;nan;nan;nan
1966-01-01T00:00:00;index;28;RO;Romania;44171;-2.59623;-2.14258;-0.843017;0.346469
1966-01-01T00:00:00;index;29;SE;Sverige;126657;-3.29562;-2.24811;-1.15407;0.636935
1966-01-01T00:00:00;index;30;SI;Slovenija;3767;-2.99917;-2.97395;-0.36045;0.256721
1966-01-01T00:00:00;index;31;SK;Slovensko;9591;-2.84707;-2.30365;-1.70885;0.15489
1966-01-01T00:00:00;index;32;TR;Turkiye;65663;-3.85369;-2.836;-1.36712;0.764551
1966-01-01T00:00:00;index;33;UK;United Kingdom;54019;-2.12022;-1.21436;-0.662492;0.428261
1966-01-01T00:00:00;index;34;FR;France;103191;-3.00043;-1.98931;-0.0100121;0.589346
1967-01-01T00:00:00;index;0;AT;Osterreich;16037;-5.37949;-4.95503;-4.18491;0.422635
1967-01-01T00:00:00;index;1;BE;Belgique-Belgie;6223;-4.41747;-3.93481;-3.89171;0.0242517
1967-01-01T00:00:00;index;2;BG;Balgariya;19525;-4.2106;-3.76492;-3.07084;0.473011
1967-01-01T00:00:00;index;3;CH;Schweiz/Suisse/Svizzera;7783;-4.64591;-3.98797;-3.79796;0.264432
1967-01-01T00:00:00;index;4;CY;Kipros / Kibris;1473;-2.15835;-2.15835;-2.15835;2.38419e-07
1967-01-01T00:00:00;index;5;CZ;Ceska republika;15755;-5.37949;-4.68237;-4.07954;0.401226
1967-01-01T00:00:00;index;6;DE;Deutschland;73481;-5.37949;-4.18048;-2.9678;0.324878
1967-01-01T00:00:00;index;7;DK;Danmark;9952;-4.43285;-3.28864;-2.94024;0.437311
1967-01-01T00:00:00;index;8;EE;Eesti;11238;-4.28676;-4.01188;-3.47319;0.249877
1967-01-01T00:00:00;index;9;EL;Ellada;21984;-4.2106;-2.76382;-1.34108;0.427113
1967-01-01T00:00:00;index;10;ES;Espana;84671;-4.0598;-3.50519;-2.38022;0.412266
1967-01-01T00:00:00;index;11;FI;Suomi / Finland;100744;-4.28676;-3.1956;-2.50427;0.423108
1967-01-01T00:00:00;index;12;HR;Hrvatska;10306;-4.55538;-4.05115;-3.24008;0.341176
1967-01-01T00:00:00;index;13;HU;Magyarorszag;17680;-5.37949;-3.91573;-3.27703;0.30334
1967-01-01T00:00:00;index;14;IE;Ireland;15033;nan;nan;nan;nan
1967-01-01T00:00:00;index;15;IS;Island;2413;nan;nan;nan;nan
1967-01-01T00:00:00;index;16;IT;Italia;53069;-4.64591;-3.4141;-1.64793;0.903958
1967-01-01T00:00:00;index;17;LI;Liechtenstein;28;-4.64591;-4.64591;-4.64591;4.76837e-07
1967-01-01T00:00:00;index;18;LT;Lietuva;14716;-3.94363;-3.88117;-3.52358;0.133635
1967-01-01T00:00:00;index;19;LU;Luxembourg;519;-3.9551;-3.9551;-3.9551;0.0
1967-01-01T00:00:00;index;20;LV;Latvija;15217;-4.0741;-3.91596;-3.82609;0.0401464
1967-01-01T00:00:00;index;21;ME;Tsrna Gora;2433;-4.09798;-4.09798;-4.09798;4.76837e-07
1967-01-01T00:00:00;index;22;MK;Poraneshna Jugoslovenska Republika Makedonija;4381;-4.09798;-3.13679;-2.82474;0.114221
1967-01-01T00:00:00;index;23;MT;Malta;50;-2.07901;-0.967592;-0.689737;0.555711
1967-01-01T00:00:00;index;24;NL;Nederland;7841;-4.41747;-4.05289;-3.35082;0.31187
1967-01-01T00:00:00;index;25;NO;Norge;96967;-4.3848;-3.37074;-1.82485;0.72767
1967-01-01T00:00:00;index;26;PL;Polska;65448;-4.70971;-4.1129;-3.83929;0.266523
1967-01-01T00:00:00;index;27;PT;Portugal;14961;nan;nan;nan;nan
1967-01-01T00:00:00;index;28;RO;Romania;44171;-3.96203;-3.28979;-2.74499;0.402467
1967-01-01T00:00:00;index;29;SE;Sverige;126657;-4.9006;-3.6353;-2.50427;0.636372
1967-01-01T00:00:00;index;30;SI;Slovenija;3767;-4.55538;-4.54853;-3.83851;0.0697444
1967-01-01T00:00:00;index;31;SK;Slovensko;9591;-5.37949;-4.14075;-3.95437;0.133298
1967-01-01T00:00:00;index;32;TR;Turkiye;65663;-6.18477;-4.25581;-2.44676;1.0235
1967-01-01T00:00:00;index;33;UK;United Kingdom;54019;-4.41558;-4.18212;-2.82005;0.359554
1967-01-01T00:00:00;index;34;FR;France;103191;-4.67023;-3.9964;-3.15296;0.372588
1968-01-01T00:00:00;index;0;AT;Osterreich;16037;-2.50121;-2.1763;-1.34223;0.283185
1968-01-01T00:00:00;index;1;BE;Belgique-Belgie;6223;-2.37446;-2.26696;-1.14674;0.225945
1968-01-01T00:00:00;index;2;BG;Balgariya;19525;-4.75032;-4.12107;-1.11685;0.547945
1968-01-01T00:00:00;index;3;CH;Schweiz/Suisse/Svizzera;7783;-2.57531;-2.44744;-1.34223;0.233624
1968-01-01T00:00:00;index;4;CY;Kipros / Kibris;1473;-1.48613;-1.48613;-1.48613;1.19209e-07
1968-01-01T00:00:00;index;5;CZ;Ceska republika;15755;-2.36244;-1.69624;-1.34223;0.32027
1968-01-01T00:00:00;index;6;DE;Deutschland;73481;-2.36244;-1.55924;-1.00696;0.449169
1968-01-01T00:00:00;index;7;DK;Danmark;9952;-2.1285;-1.70327;-1.09218;0.171824
1968-01-01T00:00:00;index;8;EE;Eesti;11238;-3.26316;-2.98817;-2.40893;0.266777
1968-01-01T00:00:00;index;9;EL;Ellada;21984;-4.14009;-2.33401;-1.57785;0.793583
1968-01-01T00:00:00;index;10;ES;Espana;84671;-3.25456;-2.44191;-0.242357;0.771878
1968-01-01T00:00:00;index;11;FI;Suomi / Finland;100744;-3.00513;-1.83314;-0.743211;0.697561
1968-01-01T00:00:00;index;12;HR;Hrvatska;10306;-3.90805;-2.62003;-2.05953;0.68197
1968-01-01T00:00:00;index;13;HU;Magyarorszag;17680;-3.08566;-2.65778;-1.67017;0.550268
1968-01-01T00:00:00;index;14;IE;Ireland;15033;nan;nan;nan;nan
1968-01-01T00:00:00;index;15;IS;Island;2413;nan;nan;nan;nan
1968-01-01T00:00:00;index;16;IT;Italia;53069;-2.73694;-2.07227;-1.26022;0.352177
1968-01-01T00:00:00;index;17;LI;Liechtenstein;28;-2.04071;-2.04071;-2.04071;2.38419e-07
1968-01-01T00:00:00;index;18;LT;Lietuva;14716;-3.53741;-3.26795;-2.57022;0.325819
1968-01-01T00:00:00;index;19;LU;Luxembourg;519;-1.72732;-1.72732;-1.72732;3.57628e-07
1968-01-01T00:00:00;index;20;LV;Latvija;15217;-3.53741;-3.26899;-2.92024;0.181286
1968-01-01T00:00:00;index;21;ME;Tsrna Gora;2433;-3.63649;-3.63649;-3.63649;2.38419e-07
1968-01-01T00:00:00;index;22;MK;Poraneshna Jugoslovenska Republika Makedonija;4381;-4.75032;-3.94733;-2.16716;0.711797
1968-01-01T00:00:00;index;23;MT;Malta;50;-1.74193;-1.65925;-1.63857;0.0413404
1968-01-01T00:00:00;index;24;NL;Nederland;7841;-2.25119;-1.66807;-1.06677;0.552826
1968-01-01T00:00:00;index;25;NO;Norge;96967;-3.6193;-1.78366;0.0812682;1.08633
1968-01-01T00:00:00;index;26;PL;Polska;65448;-2.966;-1.65884;-0.931361;0.526769
1968-01-01T00:00:00;index;27;PT;Portugal;14961;nan;nan;nan;nan
1968-01-01T00:00:00;index;28;RO;Romania;44171;-3.95666;-3.14439;-2.1661;0.461879
1968-01-01T00:00:00;index;29;SE;Sverige;126657;-3.6193;-2.41828;-0.389719;0.836958
1968-01-01T00:00:00;index;30;SI;Slovenija;3767;-2.50121;-2.49698;-2.05953;0.0429705
1968-01-01T00:00:00;index;31;SK;Slovensko;9591;-2.58279;-1.86372;-1.40978;0.390177
1968-01-01T00:00:00;index;32;TR;Turkiye;65663;-4.14009;-3.15694;-2.36878;0.439476
1968-01-01T00:00:00;index;33;UK;United Kingdom;54019;-2.74913;-2.34442;-1.47512;0.49742
1968-01-01T00:00:00;index;34;FR;France;103191;-2.98576;-2.14849;-1.44587;0.418446
1969-01-01T00:00:00;index;0;AT;Osterreich;16037;-3.18783;-2.71117;-2.01876;0.350926
1969-01-01T00:00:00;index;1;BE;Belgique-Belgie;6223;-2.88538;-2.40467;-2.13619;0.140486
1969-01-01T00:00:00;index;2;BG;Balgariya;19525;-3.84883;-3.28463;-2.48358;0.609367
1969-01-01T00:00:00;index;3;CH;Schweiz/Suisse/Svizzera;7783;-3.18783;-2.4232;-2.29167;0.303133
1969-01-01T00:00:00;index;4;CY;Kipros / Kibris;1473;-3.30846;-3.30846;-3.30846;2.38419e-07
1969-01-01T00:00:00;index;5;CZ;Ceska republika;15755;-3.2854;-2.10215;-1.68143;0.397595
1969-01-01T00:00:00;index;6;DE;Deutschland;73481;-3.2854;-2.48695;-0.417157;0.518773
1969-01-01T00:00:00;index;7;DK;Danmark;9952;-1.89866;-0.634185;-0.326263;0.553859
1969-01-01T00:00:00;index;8;EE;Eesti;11238;-2.90736;-2.52714;-1.27842;0.546086
1969-01-01T00:00:00;index;9;EL;Ellada;21984;-4.25961;-3.67118;-2.26692;0.623806
1969-01-01T00:00:00;index;10;ES;Espana;84671;-2.97895;-2.7456;-1.66625;0.322694
1969-01-01T00:00:00;index;11;FI;Suomi / Finland;100744;-3.12683;-2.02007;-0.525562;0.809149
1969-01-01T00:00:00;index;12;HR;Hrvatska;10306;-3.33679;-2.70382;-2.10415;0.325448
1969-01-01T00:00:00;index;13;HU;Magyarorszag;17680;-3.04987;-1.91131;-1.22014;0.41629
1969-01-01T00:00:00;index;14;IE;Ireland;15033;nan;nan;nan;nan
1969-01-01T00:00:00;index;15;IS;Island;2413;nan;nan;nan;nan
1969-01-01T00:00:00;index;16;IT;Italia;53069;-3.6661;-2.88636;-1.92718;0.376575
1969-01-01T00:00:00;index;17;LI;Liechtenstein;28;-3.18783;-3.18783;-3.18783;2.38419e-07
1969-01-01T00:00:00;index;18;LT;Lietuva;14716;-2.07146;-1.43112;-0.985968;0.470134
1969-01-01T00:00:00;index;19;LU;Luxembourg;519;-2.13619;-2.13619;-2.13619;0.0
1969-01-01T00:00:00;index;20;LV;Latvija;15217;-2.90736;-2.02728;-1.05235;0.71871
1969-01-01T00:00:00;index;21;ME;Tsrna Gora;2433;-3.33679;-3.33679;-3.33679;2.38419e-07
1969-01-01T00:00:00;index;22;MK;Poraneshna Jugoslovenska Republika Makedonija;4381;-3.44373;-3.03123;-2.48358;0.471077
1969-01-01T00:00:00;index;23;MT;Malta;50;-2.53746;-2.28892;-2.22679;0.12427
1969-01-01T00:00:00;index;24;NL;Nederland;7841;-2.88538;-2.62836;-0.792965;0.388553
1969-01-01T00:00:00;index;25;NO;Norge;96967;-2.4146;-1.51682;0.318007;0.72085
1969-01-01T00:00:00;index;26;PL;Polska;65448;-2.38524;-1.46958;-0.62371;0.477259
1969-01-01T00:00:00;index;27;PT;Portugal;14961;nan;nan;nan;nan
1969-01-01T00:00:00;index;28;RO;Romania;44171;-3.03933;-2.21502;-1.22014;0.698987
1969-01-01T00:00:00;index;29;SE;Sverige;126657;-3.67013;-1.8757;-0.326263;0.768155
1969-01-01T00:00:00;index;30;SI;Slovenija;3767;-3.04987;-3.0472;-2.77073;0.0271572
1969-01-01T00:00:00;index;31;SK;Slovensko;9591;-2.40809;-1.82937;-1.1312;0.296957
1969-01-01T00:00:00;index;32;TR;Turkiye;65663;-4.90129;-3.6172;-2.17016;0.896094
1969-01-01T00:00:00;index;33;UK;United Kingdom;54019;-3.86469;-2.74366;-0.159178;1.18305
1969-01-01T00:00:00;index;34;FR;France;103191;-3.86469;-2.45169;-1.85146;0.46188
1970-01-01T00:00:00;index;0;AT;Osterreich;16037;-3.56689;-2.52321;-2.33909;0.326637
1970-01-01T00:00:00;index;1;BE;Belgique-Belgie;6223;-3.86338;-3.58977;-2.95707;0.247741
1970-01-01T00:00:00;index;2;BG;Balgariya;19525;-2.25484;-1.91858;-0.842676;0.214704
1970-01-01T00:00:00;index;3;CH;Schweiz/Suisse/Svizzera;7783;-3.6451;-3.48887;-2.79991;0.296919
1970-01-01T00:00:00;index;4;CY;Kipros / Kibris;1473;-0.141678;-0.141678;-0.141678;0.0
1970-01-01T00:00:00;index;5;CZ;Ceska republika;15755;-3.56689;-2.39263;-2.30254;0.223549
1970-01-01T00:00:00;index;6;DE;Deutschland;73481;-3.86338;-3.01093;-2.03254;0.63084
1970-01-01T00:00:00;index;7;DK;Danmark;9952;-2.76448;-2.20713;-2.03254;0.162437
1970-01-01T00:00:00;index;8;EE;Eesti;11238;-3.26664;-2.97728;-2.58052;0.261878
1970-01-01T00:00:00;index;9;EL;Ellada;21984;-2.80834;-2.12762;0.41565;0.758743
1970-01-01T00:00:00;index;10;ES;Espana;84671;-2.19159;-1.71275;-1.42725;0.251933
1970-01-01T00:00:00;index;11;FI;Suomi / Finland;100744;-3.54166;-2.97939;-1.90105;0.336709
1970-01-01T00:00:00;index;12;HR;Hrvatska;10306;-2.33909;-1.91473;-1.45845;0.287758
1970-01-01T00:00:00;index;13;HU;Magyarorszag;17680;-2.4427;-2.03463;-0.638649;0.484621
1970-01-01T00:00:00;index;14;IE;Ireland;15033;nan;nan;nan;nan
1970-01-01T00:00:00;index;15;IS;Island;2413;nan;nan;nan;nan
1970-01-01T00:00:00;index;16;IT;Italia;53069;-3.6451;-2.25706;-1.28882;0.652273
1970-01-01T00:00:00;index;17;LI;Liechtenstein;28;-2.79991;-2.79991;-2.79991;2.38419e-07
1970-01-01T00:00:00;index;18;LT;Lietuva;14716;-3.45146;-3.11202;-2.90665;0.225528
1970-01-01T00:00:00;index;19;LU;Luxembourg;519;-3.86338;-3.86338;-3.86338;4.76837e-07
1970-01-01T00:00:00;index;20;LV;Latvija;15217;-3.45146;-3.15965;-2.58052;0.305854
1970-01-01T00:00:00;index;21;ME;Tsrna Gora;2433;-1.58088;-1.58088;-1.58088;0.0
1970-01-01T00:00:00;index;22;MK;Poraneshna Jugoslovenska Republika Makedonija;4381;-2.25484;-2.20296;-1.58088;0.0797908
1970-01-01T00:00:00;index;23;MT;Malta;50;-2.09374;-2.0899;-2.07453;0.00768681
1970-01-01T00:00:00;index;24;NL;Nederland;7841;-3.86338;-3.16897;-2.43133;0.405009
1970-01-01T00:00:00;index;25;NO;Norge;96967;-3.47309;-2.5776;-1.65663;0.470594
1970-01-01T00:00:00;index;26;PL;Polska;65448;-3.19336;-2.47269;-1.86563;0.357237
1970-01-01T00:00:00;index;27;PT;Portugal;14961;nan;nan;nan;nan
1970-01-01T00:00:00;index;28;RO;Romania;44171;-2.16347;-1.38323;-0.0641153;0.447467
1970-01-01T00:00:00;index;29;SE;Sverige;126657;-3.42552;-2.65069;-1.90105;0.394233
1970-01-01T00:00:00;index;30;SI;Slovenija;3767;-2.33909;-2.33415;-1.82181;0.0503261
1970-01-01T00:00:00;index;31;SK;Slovensko;9591;-2.4427;-2.29841;-1.86563;0.239855
1970-01-01T00:00:00;index;32;TR;Turkiye;65663;-2.80834;-1.86097;-0.746456;0.720991
1970-01-01T00:00:00;index;33;UK;United Kingdom;54019;-3.09168;-2.69196;-1.59423;0.161882
1970-01-01T00:00:00;index;34;FR;France;103191;-3.86338;-2.81816;-1.58595;0.570543
1971-01-01T00:00:00;index;0;AT;Osterreich;16037;-3.19833;-3.12542;-2.41453;0.122412
1971-01-01T00:00:00;index;1;BE;Belgique-Belgie;6223;-3.5608;-3.2425;-3.19792;0.0980297
1971-01-01T00:00:00;index;2;BG;Balgariya;19525;-4.59083;-3.58738;-1.63625;1.08622
1971-01-01T00:00:00;index;3;CH;Schweiz/Suisse/Svizzera;7783;-3.17952;-2.83451;-2.75833;0.147841
1971-01-01T00:00:00;index;4;CY;Kipros / Kibris;1473;-3.34988;-3.34988;-3.34988;0.0
1971-01-01T00:00:00;index;5;CZ;Ceska republika;15755;-4.00129;-2.92971;-2.41453;0.355993
1971-01-01T00:00:00;index;6;DE;Deutschland;73481;-4.00129;-3.40839;-2.37787;0.330286
1971-01-01T00:00:00;index;7;DK;Danmark;9952;-3.38315;-2.6609;-2.37787;0.249289
1971-01-01T00:00:00;index;8;EE;Eesti;11238;-3.54647;-3.21437;-2.61529;0.294691
1971-01-01T00:00:00;index;9;EL;Ellada;21984;-4.85463;-3.12332;-2.01446;0.720599
1971-01-01T00:00:00;index;10;ES;Espana;84671;-3.92089;-3.39127;-2.0899;0.462265
1971-01-01T00:00:00;index;11;FI;Suomi / Finland;100744;-3.21252;-2.55555;-1.78039;0.435863
1971-01-01T00:00:00;index;12;HR;Hrvatska;10306;-3.2939;-3.04405;-2.54156;0.274269
1971-01-01T00:00:00;index;13;HU;Magyarorszag;17680;-3.19833;-2.48355;-1.36365;0.432414
1971-01-01T00:00:00;index;14;IE;Ireland;15033;nan;nan;nan;nan
1971-01-01T00:00:00;index;15;IS;Island;2413;nan;nan;nan;nan
1971-01-01T00:00:00;index;16;IT;Italia;53069;-3.49993;-3.1792;-1.66651;0.286852
1971-01-01T00:00:00;index;17;LI;Liechtenstein;28;-3.17952;-3.17952;-3.17952;4.76837e-07
1971-01-01T00:00:00;index;18;LT;Lietuva;14716;-3.99326;-3.70916;-3.21507;0.22792
1971-01-01T00:00:00;index;19;LU;Luxembourg;519;-3.48125;-3.48125;-3.48125;0.0
1971-01-01T00:00:00;index;20;LV;Latvija;15217;-3.99326;-3.62704;-2.87769;0.342732
1971-01-01T00:00:00;index;21;ME;Tsrna Gora;2433;-3.06101;-3.06101;-3.06101;0.0
1971-01-01T00:00:00;index;22;MK;Poraneshna Jugoslovenska Republika Makedonija;4381;-3.49456;-2.21129;-2.01446;0.272393
1971-01-01T00:00:00;index;23;MT;Malta;50;-3.31053;-2.03833;-1.72029;0.636097
1971-01-01T00:00:00;index;24;NL;Nederland;7841;-3.5608;-3.31417;-2.35364;0.248198
1971-01-01T00:00:00;index;25;NO;Norge;96967;-3.29186;-2.28763;-0.757823;0.597358
1971-01-01T00:00:00;index;26;PL;Polska;65448;-3.68367;-2.9527;-2.2199;0.347952
1971-01-01T00:00:00;index;27;PT;Portugal;14961;nan;nan;nan;nan
1971-01-01T00:00:00;index;28;RO;Romania;44171;-3.11224;-2.20458;-1.36365;0.628118
1971-01-01T00:00:00;index;29;SE;Sverige;126657;-3.36674;-2.38121;-1.83154;0.393474
1971-01-01T00:00:00;index;30;SI;Slovenija;3767;-3.2939;-2.97479;-2.97171;0.0313451
1971-01-01T00:00:00;index;31;SK;Slovensko;9591;-3.19833;-2.39704;-2.2199;0.131253
1971-01-01T00:00:00;index;32;TR;Turkiye;65663;-5.09805;-4.14075;-2.75502;0.719461
1971-01-01T00:00:00;index;33;UK;United Kingdom;54019;-3.56259;-3.19304;-1.98777;0.265021
1971-01-01T00:00:00;index;34;FR;France;103191;-4.56249;-3.35382;-2.72544;0.472308
1972-01-01T00:00:00;index;0;AT;Osterreich;16037;-2.51283;-2.05316;-0.867064;0.433185
1972-01-01T00:00:00;index;1;BE;Belgique-Belgie;6223;-2.92335;-2.45617;-2.05284;0.225523
1972-01-01T00:00:00;index;2;BG;Balgariya;19525;-3.19684;-2.83508;-0.630616;0.630057
1972-01-01T00:00:00;index;3;CH;Schweiz/Suisse/Svizzera;7783;-2.56086;-2.48519;-0.867064;0.189496
1972-01-01T00:00:00;index;4;CY;Kipros / Kibris;1473;-0.876026;-0.876026;-0.876026;5.96046e-08
1972-01-01T00:00:00;index;5;CZ;Ceska republika;15755;-2.05571;-1.86063;-0.867064;0.15182
1972-01-01T00:00:00;index;6;DE;Deutschland;73481;-2.92335;-1.72821;1.08929;0.734604
1972-01-01T00:00:00;index;7;DK;Danmark;9952;-1.25043;0.683379;1.08929;0.551687
1972-01-01T00:00:00;index;8;EE;Eesti;11238;-0.648146;-0.358203;0.525624;0.348634
1972-01-01T00:00:00;index;9;EL;Ellada;21984;-3.19684;-2.28314;-0.630616;0.809908
1972-01-01T00:00:00;index;10;ES;Espana;84671;-4.37015;-4.09268;-2.92955;0.386943
1972-01-01T00:00:00;index;11;FI;Suomi / Finland;100744;-1.19887;-0.147394;0.904209;0.621337
1972-01-01T00:00:00;index;12;HR;Hrvatska;10306;-2.66967;-2.40108;-2.12199;0.165848
1972-01-01T00:00:00;index;13;HU;Magyarorszag;17680;-2.51283;-1.59901;-0.548165;0.626004
1972-01-01T00:00:00;index;14;IE;Ireland;15033;nan;nan;nan;nan
1972-01-01T00:00:00;index;15;IS;Island;2413;nan;nan;nan;nan
1972-01-01T00:00:00;index;16;IT;Italia;53069;-3.55377;-2.29398;-1.78094;0.290197
1972-01-01T00:00:00;index;17;LI;Liechtenstein;28;-2.3652;-2.3652;-2.3652;2.38419e-07
1972-01-01T00:00:00;index;18;LT;Lietuva;14716;-1.76903;-1.12886;-0.622196;0.496083
1972-01-01T00:00:00;index;19;LU;Luxembourg;519;-2.92335;-2.92335;-2.92335;0.0
1972-01-01T00:00:00;index;20;LV;Latvija;15217;-1.76903;-0.920596;-0.0328466;0.635074
1972-01-01T00:00:00;index;21;ME;Tsrna Gora;2433;-2.59952;-2.59952;-2.59952;0.0
1972-01-01T00:00:00;index;22;MK;Poraneshna Jugoslovenska Republika Makedonija;4381;-3.19684;-3.1538;-1.78094;0.208327
1972-01-01T00:00:00;index;23;MT;Malta;50;-2.40713;-1.70314;-1.52714;0.351996
1972-01-01T00:00:00;index;24;NL;Nederland;7841;-2.92335;-2.10031;-0.510869;0.414433
1972-01-01T00:00:00;index;25;NO;Norge;96967;-0.526112;0.427695;1.33965;0.423783
1972-01-01T00:00:00;index;26;PL;Polska;65448;-2.33024;-1.58514;-0.484313;0.702052
1972-01-01T00:00:00;index;27;PT;Portugal;14961;nan;nan;nan;nan
1972-01-01T00:00:00;index;28;RO;Romania;44171;-2.19186;-1.51954;-0.548165;0.473245
1972-01-01T00:00:00;index;29;SE;Sverige;126657;-0.276137;0.417879;1.33965;0.385642
1972-01-01T00:00:00;index;30;SI;Slovenija;3767;-2.51283;-2.51122;-2.34498;0.0163299
1972-01-01T00:00:00;index;31;SK;Slovensko;9591;-2.26478;-1.15683;-0.548165;0.386869
1972-01-01T00:00:00;index;32;TR;Turkiye;65663;-3.09661;-1.78721;-0.630616;0.829537
1972-01-01T00:00:00;index;33;UK;United Kingdom;54019;-2.20908;-1.72084;0.270685;0.592119
1972-01-01T00:00:00;index;34;FR;France;103191;-3.99408;-3.03005;-2.00208;0.621751
1973-01-01T00:00:00;index;0;AT;Osterreich;16037;-4.06904;-3.71624;-3.26914;0.227396
1973-01-01T00:00:00;index;1;BE;Belgique-Belgie;6223;-3.85954;-2.7487;-1.71573;0.552047
1973-01-01T00:00:00;index;2;BG;Balgariya;19525;-6.32621;-5.71905;-4.39151;0.633271
1973-01-01T00:00:00;index;3;CH;Schweiz/Suisse/Svizzera;7783;-3.5976;-3.28967;-3.225;0.128023
1973-01-01T00:00:00;index;4;CY;Kipros / Kibris;1473;-3.87634;-3.87634;-3.87634;0.0
1973-01-01T00:00:00;index;5;CZ;Ceska republika;15755;-3.6466;-3.02724;-2.44578;0.399535
1973-01-01T00:00:00;index;6;DE;Deutschland;73481;-3.85954;-2.74009;-0.631863;1.02129
1973-01-01T00:00:00;index;7;DK;Danmark;9952;-1.68359;-0.809685;-0.631863;0.190021
1973-01-01T00:00:00;index;8;EE;Eesti;11238;-3.60403;-3.01326;-1.58028;0.585232
1973-01-01T00:00:00;index;9;EL;Ellada;21984;-6.32621;-4.69375;-3.49946;0.328951
1973-01-01T00:00:00;index;10;ES;Espana;84671;-3.02842;-2.25924;-1.1638;0.549207
1973-01-01T00:00:00;index;11;FI;Suomi / Finland;100744;-4.0119;-3.21987;-1.70147;0.608107
1973-01-01T00:00:00;index;12;HR;Hrvatska;10306;-4.06904;-3.44999;-2.89889;0.37789
1973-01-01T00:00:00;index;13;HU;Magyarorszag;17680;-4.06904;-3.55794;-3.29498;0.197466
1973-01-01T00:00:00;index;14;IE;Ireland;15033;nan;nan;nan;nan
1973-01-01T00:00:00;index;15;IS;Island;2413;nan;nan;nan;nan
1973-01-01T00:00:00;index;16;IT;Italia;53069;-4.08165;-3.04282;-1.63529;0.460985
1973-01-01T00:00:00;index;17;LI;Liechtenstein;28;-3.5976;-3.5976;-3.5976;2.38419e-07
1973-01-01T00:00:00;index;18;LT;Lietuva;14716;-2.98139;-2.2861;-1.87724;0.437214
1973-01-01T00:00:00;index;19;LU;Luxembourg;519;-3.85954;-3.85954;-3.85954;2.38419e-07
1973-01-01T00:00:00;index;20;LV;Latvija;15217;-3.07323;-2.60916;-1.58028;0.590547
1973-01-01T00:00:00;index;21;ME;Tsrna Gora;2433;-3.67514;-3.67514;-3.67514;4.76837e-07
1973-01-01T00:00:00;index;22;MK;Poraneshna Jugoslovenska Republika Makedonija;4381;-5.16283;-5.05299;-3.49946;0.260359
1973-01-01T00:00:00;index;23;MT;Malta;50;-3.55786;-3.4994;-3.26559;0.116908
1973-01-01T00:00:00;index;24;NL;Nederland;7841;-3.85954;-1.92518;-0.631863;0.630524
1973-01-01T00:00:00;index;25;NO;Norge;96967;-2.86936;-2.00153;-0.88719;0.460034
1973-01-01T00:00:00;index;26;PL;Polska;65448;-3.45371;-2.23644;-1.44466;0.612216
1973-01-01T00:00:00;index;27;PT;Portugal;14961;nan;nan;nan;nan
1973-01-01T00:00:00;index;28;RO;Romania;44171;-5.31068;-4.52284;-3.29498;0.810404
1973-01-01T00:00:00;index;29;SE;Sverige;126657;-2.75737;-2.24209;-0.789527;0.502678
1973-01-01T00:00:00;index;30;SI;Slovenija;3767;-4.06904;-4.06002;-3.12535;0.0918114
1973-01-01T00:00:00;index;31;SK;Slovensko;9591;-3.6466;-3.31429;-2.44578;0.215814
1973-01-01T00:00:00;index;32;TR;Turkiye;65663;-6.32621;-4.29636;-3.72626;0.447808
1973-01-01T00:00:00;index;33;UK;United Kingdom;54019;-2.76292;-1.74559;-1.23051;0.378393
1973-01-01T00:00:00;index;34;FR;France;103191;-3.85954;-2.90765;-1.68263;0.359589
1974-01-01T00:00:00;index;0;AT;Osterreich;16037;-3.80664;-3.35172;-2.78214;0.304473
1974-01-01T00:00:00;index;1;BE;Belgique-Belgie;6223;-3.94149;-3.88923;-2.83339;0.0933283
1974-01-01T00:00:00;index;2;BG;Balgariya;19525;-4.61308;-4.23469;-3.06167;0.407723
1974-01-01T00:00:00;index;3;CH;Schweiz/Suisse/Svizzera;7783;-3.80664;-2.86031;-2.59671;0.465664
1974-01-01T00:00:00;index;4;CY;Kipros / Kibris;1473;-3.82776;-3.82776;-3.82776;0.0
1974-01-01T00:00:00;index;5;CZ;Ceska republika;15755;-3.20622;-2.78459;-2.48241;0.219365
1974-01-01T00:00:00;index;6;DE;Deutschland;73481;-3.80664;-3.00919;-2.23334;0.409857
1974-01-01T00:00:00;index;7;DK;Danmark;9952;-2.6856;-2.36313;-2.23334;0.131078
1974-01-01T00:00:00;index;8;EE;Eesti;11238;-2.39961;-2.04062;-1.48584;0.333349
1974-01-01T00:00:00;index;9;EL;Ellada;21984;-5.0008;-4.48306;-2.3498;0.64039
1974-01-01T00:00:00;index;10;ES;Espana;84671;-3.90576;-3.43198;-2.67794;0.442363
1974-01-01T00:00:00;index;11;FI;Suomi / Finland;100744;-2.97075;-2.29989;-1.42172;0.436253
1974-01-01T00:00:00;index;12;HR;Hrvatska;10306;-3.61015;-3.23149;-2.68714;0.298091
1974-01-01T00:00:00;index;13;HU;Magyarorszag;17680;-3.61015;-2.95875;-2.71349;0.186815
1974-01-01T00:00:00;index;14;IE;Ireland;15033;nan;nan;nan;nan
1974-01-01T00:00:00;index;15;IS;Island;2413;nan;nan;nan;nan
1974-01-01T00:00:00;index;16;IT;Italia;53069;-3.86669;-3.35469;-2.59671;0.325592
1974-01-01T00:00:00;index;17;LI;Liechtenstein;28;-3.80664;-3.80664;-3.80664;7.15256e-07
1974-01-01T00:00:00;index;18;LT;Lietuva;14716;-2.6771;-2.56079;-2.17755;0.157216
1974-01-01T00:00:00;index;19;LU;Luxembourg;519;-3.74108;-3.74108;-3.74108;4.76837e-07
1974-01-01T00:00:00;index;20;LV;Latvija;15217;-2.6771;-2.36364;-1.59441;0.345804
1974-01-01T00:00:00;index;21;ME;Tsrna Gora;2433;-3.05184;-3.05184;-3.05184;2.38419e-07
1974-01-01T00:00:00;index;22;MK;Poraneshna Jugoslovenska Republika Makedonija;4381;-4.61308;-4.24298;-3.05184;0.415645
1974-01-01T00:00:00;index;23;MT;Malta;50;-3.43189;-2.99348;-2.88388;0.219205
1974-01-01T00:00:00;index;24;NL;Nederland;7841;-3.75544;-3.22938;-2.34667;0.533061
1974-01-01T00:00:00;index;25;NO;Norge;96967;-2.54877;-1.93074;-1.20258;0.346891
1974-01-01T00:00:00;index;26;PL;Polska;65448;-3.13264;-2.67072;-2.35815;0.256773
1974-01-01T00:00:00;index;27;PT;Portugal;14961;nan;nan;nan;nan
1974-01-01T00:00:00;index;28;RO;Romania;44171;-3.84155;-3.28598;-2.54538;0.440404
1974-01-01T00:00:00;index;29;SE;Sverige;126657;-2.80575;-1.99153;-0.922712;0.618592
1974-01-01T00:00:00;index;30;SI;Slovenija;3767;-3.61015;-3.60768;-3.35234;0.0250816
1974-01-01T00:00:00;index;31;SK;Slovensko;9591;-3.13264;-2.85141;-2.48241;0.172267
1974-01-01T00:00:00;index;32;TR;Turkiye;65663;-4.60005;-3.93821;-2.88009;0.376282
1974-01-01T00:00:00;index;33;UK;United Kingdom;54019;-4.72656;-3.98035;-1.81315;0.763349
1974-01-01T00:00:00;index;34;FR;France;103191;-4.72656;-3.59917;-2.59671;0.509556
1975-01-01T00:00:00;index;0;AT;Osterreich;16037;-3.88424;-3.13486;-2.83614;0.275127
1975-01-01T00:00:00;index;1;BE;Belgique-Belgie;6223;-3.72298;-3.40055;-3.09529;0.144613
1975-01-01T00:00:00;index;2;BG;Balgariya;19525;-4.41916;-3.928;-2.00144;0.675826
1975-01-01T00:00:00;index;3;CH;Schweiz/Suisse/Svizzera;7783;-3.00237;-2.964;-2.66909;0.103112
1975-01-01T00:00:00;index;4;CY;Kipros / Kibris;1473;-1.21532;-1.21532;-1.21532;1.19209e-07
1975-01-01T00:00:00;index;5;CZ;Ceska republika;15755;-3.88424;-3.19438;-2.83614;0.223756
1975-01-01T00:00:00;index;6;DE;Deutschland;73481;-3.72298;-3.11983;-1.74537;0.502189
1975-01-01T00:00:00;index;7;DK;Danmark;9952;-2.56572;-1.75189;-1.34054;0.361422
1975-01-01T00:00:00;index;8;EE;Eesti;11238;-4.4423;-3.47281;-2.65118;0.35985
1975-01-01T00:00:00;index;9;EL;Ellada;21984;-4.41916;-2.24572;-0.97138;0.462995
1975-01-01T00:00:00;index;10;ES;Espana;84671;-2.62794;-2.04905;-0.482342;0.485275
1975-01-01T00:00:00;index;11;FI;Suomi / Finland;100744;-4.27584;-3.30539;-1.95045;0.528061
1975-01-01T00:00:00;index;12;HR;Hrvatska;10306;-4.14144;-2.85616;-1.53863;0.769673
1975-01-01T00:00:00;index;13;HU;Magyarorszag;17680;-4.14144;-3.87763;-2.98347;0.295286
1975-01-01T00:00:00;index;14;IE;Ireland;15033;nan;nan;nan;nan
1975-01-01T00:00:00;index;15;IS;Island;2413;nan;nan;nan;nan
1975-01-01T00:00:00;index;16;IT;Italia;53069;-3.57107;-2.44443;-1.67088;0.435043
1975-01-01T00:00:00;index;17;LI;Liechtenstein;28;-2.99232;-2.99232;-2.99232;2.38419e-07
1975-01-01T00:00:00;index;18;LT;Lietuva;14716;-3.72972;-3.1804;-2.84434;0.380491
1975-01-01T00:00:00;index;19;LU;Luxembourg;519;-3.09529;-3.09529;-3.09529;2.38419e-07
1975-01-01T00:00:00;index;20;LV;Latvija;15217;-3.93964;-3.39015;-2.65118;0.462155
1975-01-01T00:00:00;index;21;ME;Tsrna Gora;2433;-1.53863;-1.53863;-1.53863;1.19209e-07
1975-01-01T00:00:00;index;22;MK;Poraneshna Jugoslovenska Republika Makedonija;4381;-3.774;-2.7573;-1.53863;0.874379
1975-01-01T00:00:00;index;23;MT;Malta;50;-2.21387;-2.06644;-2.02958;0.0737163
1975-01-01T00:00:00;index;24;NL;Nederland;7841;-3.72298;-3.52425;-2.14095;0.395033
1975-01-01T00:00:00;index;25;NO;Norge;96967;-3.13258;-2.62176;-1.34928;0.333277
1975-01-01T00:00:00;index;26;PL;Polska;65448;-3.88424;-3.09888;-2.39026;0.411535
1975-01-01T00:00:00;index;27;PT;Portugal;14961;nan;nan;nan;nan
1975-01-01T00:00:00;index;28;RO;Romania;44171;-4.14144;-3.58376;-2.07271;0.388098
1975-01-01T00:00:00;index;29;SE;Sverige;126657;-3.12828;-2.5039;-1.34054;0.418881
1975-01-01T00:00:00;index;30;SI;Slovenija;3767;-3.57107;-3.55859;-2.26508;0.12706
1975-01-01T00:00:00;index;31;SK;Slovensko;9591;-3.88424;-3.74137;-2.98347;0.225871
1975-01-01T00:00:00;index;32;TR;Turkiye;65663;-4.53354;-2.19167;-0.836013;1.39443
1975-01-01T00:00:00;index;33;UK;United Kingdom;54019;-3.17367;-2.88782;-1.49926;0.383992
1975-01-01T00:00:00;index;34;FR;France;103191;-3.41717;-2.33219;-1.64464;0.463229
1976-01-01T00:00:00;index;0;AT;Osterreich;16037;-3.95181;-3.58182;-3.20137;0.250031
1976-01-01T00:00:00;index;1;BE;Belgique-Belgie;6223;-3.67862;-2.94724;-2.81296;0.22478
1976-01-01T00:00:00;index;2;BG;Balgariya;19525;-4.26872;-4.01154;-2.54173;0.376277
1976-01-01T00:00:00;index;3;CH;Schweiz/Suisse/Svizzera;7783;-3.44039;-3.30439;-3.20137;0.042693
1976-01-01T00:00:00;index;4;CY;Kipros / Kibris;1473;-2.89907;-2.89907;-2.89907;0.0
1976-01-01T00:00:00;index;5;CZ;Ceska republika;15755;-3.83518;-3.1097;-2.69296;0.34872
1976-01-01T00:00:00;index;6;DE;Deutschland;73481;-3.83518;-3.26997;-2.15117;0.39439
1976-01-01T00:00:00;index;7;DK;Danmark;9952;-2.84825;-2.43376;-2.15117;0.221111
1976-01-01T00:00:00;index;8;EE;Eesti;11238;-3.95861;-3.38212;-2.66531;0.29989
1976-01-01T00:00:00;index;9;EL;Ellada;21984;-4.23828;-3.25999;-1.17814;0.719929
1976-01-01T00:00:00;index;10;ES;Espana;84671;-2.85292;-2.2129;-1.65253;0.517845
1976-01-01T00:00:00;index;11;FI;Suomi / Finland;100744;-4.47201;-3.49444;-2.46305;0.51507
1976-01-01T00:00:00;index;12;HR;Hrvatska;10306;-3.95181;-3.60967;-3.39131;0.232853
1976-01-01T00:00:00;index;13;HU;Magyarorszag;17680;-3.95181;-3.65462;-3.26957;0.184965
1976-01-01T00:00:00;index;14;IE;Ireland;15033;nan;nan;nan;nan
1976-01-01T00:00:00;index;15;IS;Island;2413;nan;nan;nan;nan
1976-01-01T00:00:00;index;16;IT;Italia;53069;-4.39657;-3.22717;-2.77416;0.241132
1976-01-01T00:00:00;index;17;LI;Liechtenstein;28;-3.20137;-3.20137;-3.20137;7.15256e-07
1976-01-01T00:00:00;index;18;LT;Lietuva;14716;-2.76278;-2.62703;-2.44389;0.101434
1976-01-01T00:00:00;index;19;LU;Luxembourg;519;-3.32838;-3.32838;-3.32838;2.38419e-07
1976-01-01T00:00:00;index;20;LV;Latvija;15217;-3.64054;-2.95813;-2.58148;0.39211
1976-01-01T00:00:00;index;21;ME;Tsrna Gora;2433;-3.90868;-3.90868;-3.90868;0.0
1976-01-01T00:00:00;index;22;MK;Poraneshna Jugoslovenska Republika Makedonija;4381;-3.91199;-3.55292;-3.27867;0.312022
1976-01-01T00:00:00;index;23;MT;Malta;50;-3.70157;-2.93072;-2.738;0.385426
1976-01-01T00:00:00;index;24;NL;Nederland;7841;-3.67862;-3.35192;-2.48562;0.36679
1976-01-01T00:00:00;index;25;NO;Norge;96967;-3.46074;-3.01495;-1.87836;0.28804
1976-01-01T00:00:00;index;26;PL;Polska;65448;-3.61608;-2.8066;-2.42237;0.253683
1976-01-01T00:00:00;index;27;PT;Portugal;14961;nan;nan;nan;nan
1976-01-01T00:00:00;index;28;RO;Romania;44171;-4.26872;-3.5395;-2.52914;0.398299
1976-01-01T00:00:00;index;29;SE;Sverige;126657;-3.56592;-3.04563;-2.24625;0.326295
1976-01-01T00:00:00;index;30;SI;Slovenija;3767;-3.95181;-3.94645;-3.39131;0.0545308
1976-01-01T00:00:00;index;31;SK;Slovensko;9591;-3.61608;-3.46133;-2.69296;0.197939
1976-01-01T00:00:00;index;32;TR;Turkiye;65663;-5.40416;-4.12198;-1.17814;0.899203
1976-01-01T00:00:00;index;33;UK;United Kingdom;54019;-3.26346;-2.82301;-2.03401;0.408609
1976-01-01T00:00:00;index;34;FR;France;103191;-3.32838;-2.74401;-1.71785;0.413924
1977-01-01T00:00:00;index;0;AT;Osterreich;16037;-3.32513;-2.14523;-1.03992;0.694802
1977-01-01T00:00:00;index;1;BE;Belgique-Belgie;6223;-2.36852;-2.21827;-1.28736;0.350239
1977-01-01T00:00:00;index;2;BG;Balgariya;19525;-4.71965;-4.26456;-2.15307;0.543359
1977-01-01T00:00:00;index;3;CH;Schweiz/Suisse/Svizzera;7783;-3.64136;-3.49324;-1.93414;0.306685
1977-01-01T00:00:00;index;4;CY;Kipros / Kibris;1473;-2.57331;-2.57331;-2.57331;2.38419e-07
1977-01-01T00:00:00;index;5;CZ;Ceska republika;15755;-1.93414;-1.1624;-0.73877;0.27055
1977-01-01T00:00:00;index;6;DE;Deutschland;73481;-3.32513;-1.57659;0.123226;0.59461
1977-01-01T00:00:00;index;7;DK;Danmark;9952;-1.512;-0.717211;0.495793;0.36986
1977-01-01T00:00:00;index;8;EE;Eesti;11238;-2.47937;-1.7827;-0.287507;0.674778
1977-01-01T00:00:00;index;9;EL;Ellada;21984;-4.71965;-3.40526;-2.39189;0.554705
1977-01-01T00:00:00;index;10;ES;Espana;84671;-5.16837;-4.83723;-3.35391;0.524712
1977-01-01T00:00:00;index;11;FI;Suomi / Finland;100744;-3.60797;-2.8263;-1.03724;0.408259
1977-01-01T00:00:00;index;12;HR;Hrvatska;10306;-3.52808;-2.80574;-2.27565;0.391723
1977-01-01T00:00:00;index;13;HU;Magyarorszag;17680;-2.56933;-1.88166;-1.03992;0.530012
1977-01-01T00:00:00;index;14;IE;Ireland;15033;nan;nan;nan;nan
1977-01-01T00:00:00;index;15;IS;Island;2413;nan;nan;nan;nan
1977-01-01T00:00:00;index;16;IT;Italia;53069;-3.66759;-3.10649;-2.31188;0.30133
1977-01-01T00:00:00;index;17;LI;Liechtenstein;28;-3.32513;-3.32513;-3.32513;2.38419e-07
1977-01-01T00:00:00;index;18;LT;Lietuva;14716;-1.12529;-0.686333;-0.228749;0.338606
1977-01-01T00:00:00;index;19;LU;Luxembourg;519;-2.24316;-2.24315;-2.24316;2.38419e-07
1977-01-01T00:00:00;index;20;LV;Latvija;15217;-1.65003;-1.03536;0.0461174;0.526857
1977-01-01T00:00:00;index;21;ME;Tsrna Gora;2433;-3.52808;-3.52808;-3.52808;0.0
1977-01-01T00:00:00;index;22;MK;Poraneshna Jugoslovenska Republika Makedonija;4381;-4.17649;-4.0935;-2.98123;0.181524
1977-01-01T00:00:00;index;23;MT;Malta;50;-2.84538;-2.82335;-2.73524;0.0440532
1977-01-01T00:00:00;index;24;NL;Nederland;7841;-2.24316;-1.45668;-0.969602;0.302939
1977-01-01T00:00:00;index;25;NO;Norge;96967;-2.93499;-2.19436;-0.917286;0.357814
1977-01-01T00:00:00;index;26;PL;Polska;65448;-1.87517;-1.12104;0.123226;0.593096
1977-01-01T00:00:00;index;27;PT;Portugal;14961;nan;nan;nan;nan
1977-01-01T00:00:00;index;28;RO;Romania;44171;-3.68523;-2.62135;-1.6442;0.729178
1977-01-01T00:00:00;index;29;SE;Sverige;126657;-3.17186;-2.30586;1.16095;0.941192
1977-01-01T00:00:00;index;30;SI;Slovenija;3767;-3.13411;-2.57473;-2.56933;0.054947
1977-01-01T00:00:00;index;31;SK;Slovensko;9591;-1.6442;-1.16937;-0.73877;0.272649
1977-01-01T00:00:00;index;32;TR;Turkiye;65663;-5.62205;-4.15296;-2.25442;0.771704
1977-01-01T00:00:00;index;33;UK;United Kingdom;54019;-2.32459;-1.55892;-1.10768;0.283882
1977-01-01T00:00:00;index;34;FR;France;103191;-5.119;-3.0575;-2.24316;0.742272
1978-01-01T00:00:00;index;0;AT;Osterreich;16037;-2.54449;-2.3464;-1.99913;0.216044
1978-01-01T00:00:00;index;1;BE;Belgique-Belgie;6223;-2.88265;-2.78815;-2.177;0.22943
1978-01-01T00:00:00;index;2;BG;Balgariya;19525;-3.58936;-2.74078;-1.95363;0.509493
1978-01-01T00:00:00;index;3;CH;Schweiz/Suisse/Svizzera;7783;-3.18048;-2.95355;-1.99913;0.383204
1978-01-01T00:00:00;index;4;CY;Kipros / Kibris;1473;-1.97038;-1.97038;-1.97038;2.38419e-07
1978-01-01T00:00:00;index;5;CZ;Ceska republika;15755;-2.55178;-2.38422;-2.31139;0.0992899
1978-01-01T00:00:00;index;6;DE;Deutschland;73481;-3.18048;-2.47196;-1.30292;0.331738
1978-01-01T00:00:00;index;7;DK;Danmark;9952;-2.31673;-1.57998;-1.30292;0.276588
1978-01-01T00:00:00;index;8;EE;Eesti;11238;-3.55289;-3.24839;-1.94378;0.568061
1978-01-01T00:00:00;index;9;EL;Ellada;21984;-4.12745;-2.42983;-1.00361;0.525298
1978-01-01T00:00:00;index;10;ES;Espana;84671;-4.33989;-3.8963;-2.66342;0.500327
1978-01-01T00:00:00;index;11;FI;Suomi / Finland;100744;-3.55289;-1.07338;1.01687;1.28387
1978-01-01T00:00:00;index;12;HR;Hrvatska;10306;-2.23774;-2.049;-1.28676;0.236948
1978-01-01T00:00:00;index;13;HU;Magyarorszag;17680;-2.82388;-2.30348;-1.3502;0.375061
1978-01-01T00:00:00;index;14;IE;Ireland;15033;nan;nan;nan;nan
1978-01-01T00:00:00;index;15;IS;Island;2413;nan;nan;nan;nan
1978-01-01T00:00:00;index;16;IT;Italia;53069;-3.09923;-2.03278;-1.00361;0.407957
1978-01-01T00:00:00;index;17;LI;Liechtenstein;28;-1.99913;-1.99913;-1.99913;0.0
1978-01-01T00:00:00;index;18;LT;Lietuva;14716;-3.67875;-2.99315;-2.70092;0.419788
1978-01-01T00:00:00;index;19;LU;Luxembourg;519;-2.8278;-2.8278;-2.8278;0.0
1978-01-01T00:00:00;index;20;LV;Latvija;15217;-3.67875;-3.23203;-2.32559;0.523682
1978-01-01T00:00:00;index;21;ME;Tsrna Gora;2433;-1.28676;-1.28676;-1.28676;0.0
1978-01-01T00:00:00;index;22;MK;Poraneshna Jugoslovenska Republika Makedonija;4381;-2.4185;-2.22995;-1.00361;0.262678
1978-01-01T00:00:00;index;23;MT;Malta;50;-1.93098;-1.89857;-1.76892;0.0648224
1978-01-01T00:00:00;index;24;NL;Nederland;7841;-2.8278;-2.16298;-1.27049;0.269162
1978-01-01T00:00:00;index;25;NO;Norge;96967;-2.10878;-0.404134;1.9049;1.08701
1978-01-01T00:00:00;index;26;PL;Polska;65448;-3.35036;-2.57214;-1.98295;0.486302
1978-01-01T00:00:00;index;27;PT;Portugal;14961;nan;nan;nan;nan
1978-01-01T00:00:00;index;28;RO;Romania;44171;-2.83605;-2.08551;-1.3502;0.5316
1978-01-01T00:00:00;index;29;SE;Sverige;126657;-2.16876;-0.993451;0.826188;0.750642
1978-01-01T00:00:00;index;30;SI;Slovenija;3767;-2.19441;-2.19366;-2.11602;0.00762655
1978-01-01T00:00:00;index;31;SK;Slovensko;9591;-3.35036;-2.54765;-2.35432;0.208539
1978-01-01T00:00:00;index;32;TR;Turkiye;65663;-5.57883;-3.87092;-2.14395;1.01768
1978-01-01T00:00:00;index;33;UK;United Kingdom;54019;-3.37601;-2.38445;-0.377509;0.659904
1978-01-01T00:00:00;index;34;FR;France;103191;-4.0683;-2.92835;-2.04751;0.342534
1979-01-01T00:00:00;index;0;AT;Osterreich;16037;-4.0025;-3.80418;-3.69623;0.127279
1979-01-01T00:00:00;index;1;BE;Belgique-Belgie;6223;-3.88516;-3.53598;-3.47666;0.129514
1979-01-01T00:00:00;index;2;BG;Balgariya;19525;-4.78843;-4.13916;-3.80599;0.423911
1979-01-01T00:00:00;index;3;CH;Schweiz/Suisse/Svizzera;7783;-4.71115;-4.46069;-3.64897;0.434871
1979-01-01T00:00:00;index;4;CY;Kipros / Kibris;1473;-4.27776;-4.27776;-4.27776;0.0
1979-01-01T00:00:00;index;5;CZ;Ceska republika;15755;-4.08321;-3.24189;-2.94014;0.380509
1979-01-01T00:00:00;index;6;DE;Deutschland;73481;-4.08321;-3.69516;-1.96408;0.299666
1979-01-01T00:00:00;index;7;DK;Danmark;9952;-3.66735;-2.40265;-1.96408;0.404593
1979-01-01T00:00:00;index;8;EE;Eesti;11238;-4.27549;-3.94934;-3.06451;0.384185
1979-01-01T00:00:00;index;9;EL;Ellada;21984;-4.67688;-4.37362;-3.58016;0.282954
1979-01-01T00:00:00;index;10;ES;Espana;84671;-3.78301;-3.29866;-2.52711;0.386481
1979-01-01T00:00:00;index;11;FI;Suomi / Finland;100744;-4.35118;-3.43386;-2.06385;0.608691
1979-01-01T00:00:00;index;12;HR;Hrvatska;10306;-4.87032;-4.01374;-3.72562;0.229553
1979-01-01T00:00:00;index;13;HU;Magyarorszag;17680;-4.0025;-3.80819;-3.58797;0.112884
1979-01-01T00:00:00;index;14;IE;Ireland;15033;nan;nan;nan;nan
1979-01-01T00:00:00;index;15;IS;Island;2413;nan;nan;nan;nan
1979-01-01T00:00:00;index;16;IT;Italia;53069;-4.71115;-3.89413;-2.75764;0.385182
1979-01-01T00:00:00;index;17;LI;Liechtenstein;28;-3.74321;-3.74321;-3.74321;4.76837e-07
1979-01-01T00:00:00;index;18;LT;Lietuva;14716;-4.3882;-3.7737;-3.44164;0.397521
1979-01-01T00:00:00;index;19;LU;Luxembourg;519;-3.85188;-3.85188;-3.85188;2.38419e-07
1979-01-01T00:00:00;index;20;LV;Latvija;15217;-4.3882;-4.02622;-3.44164;0.424914
1979-01-01T00:00:00;index;21;ME;Tsrna Gora;2433;-4.87032;-4.87032;-4.87032;4.76837e-07
1979-01-01T00:00:00;index;22;MK;Poraneshna Jugoslovenska Republika Makedonija;4381;-4.87032;-4.68385;-3.58016;0.178423
1979-01-01T00:00:00;index;23;MT;Malta;50;-3.78138;-3.73935;-3.57123;0.0840596
1979-01-01T00:00:00;index;24;NL;Nederland;7841;-3.88516;-3.61546;-2.12438;0.294366
1979-01-01T00:00:00;index;25;NO;Norge;96967;-3.15019;-2.4464;-1.4263;0.335093
1979-01-01T00:00:00;index;26;PL;Polska;65448;-4.17707;-3.55341;-2.94014;0.388963
1979-01-01T00:00:00;index;27;PT;Portugal;14961;nan;nan;nan;nan
1979-01-01T00:00:00;index;28;RO;Romania;44171;-4.29171;-3.84594;-3.11425;0.28068
1979-01-01T00:00:00;index;29;SE;Sverige;126657;-3.32633;-2.8769;-2.03443;0.329085
1979-01-01T00:00:00;index;30;SI;Slovenija;3767;-4.0723;-4.00317;-4.0025;0.00679074
1979-01-01T00:00:00;index;31;SK;Slovensko;9591;-3.78073;-3.67506;-2.94014;0.181406
1979-01-01T00:00:00;index;32;TR;Turkiye;65663;-5.57429;-4.52372;-3.22913;0.730013
1979-01-01T00:00:00;index;33;UK;United Kingdom;54019;-3.59814;-2.82333;-1.5549;0.369969
1979-01-01T00:00:00;index;34;FR;France;103191;-4.71115;-3.68063;-2.99866;0.347333
1980-01-01T00:00:00;index;0;AT;Osterreich;16037;-4.29338;-3.51474;-3.04339;0.402786
1980-01-01T00:00:00;index;1;BE;Belgique-Belgie;6223;-3.55764;-3.3702;-3.26622;0.0806597
1980-01-01T00:00:00;index;2;BG;Balgariya;19525;-3.73548;-3.39168;-2.06661;0.424992
1980-01-01T00:00:00;index;3;CH;Schweiz/Suisse/Svizzera;7783;-4.686;-4.55799;-3.04339;0.250484
1980-01-01T00:00:00;index;4;CY;Kipros / Kibris;1473;-2.63543;-2.63543;-2.63543;0.0
1980-01-01T00:00:00;index;5;CZ;Ceska republika;15755;-3.50571;-3.25652;-3.04339;0.147762
1980-01-01T00:00:00;index;6;DE;Deutschland;73481;-4.29338;-3.2304;-2.45499;0.358113
1980-01-01T00:00:00;index;7;DK;Danmark;9952;-3.24217;-2.49538;-2.07867;0.25608
1980-01-01T00:00:00;index;8;EE;Eesti;11238;-2.56897;-2.12155;-1.36775;0.462433
1980-01-01T00:00:00;index;9;EL;Ellada;21984;-4.06797;-2.96516;-2.48862;0.404301
1980-01-01T00:00:00;index;10;ES;Espana;84671;-4.89769;-4.41081;-3.33954;0.458328
1980-01-01T00:00:00;index;11;FI;Suomi / Finland;100744;-3.05894;-1.98397;-0.579531;0.651486
1980-01-01T00:00:00;index;12;HR;Hrvatska;10306;-3.77414;-3.25759;-2.74739;0.293439
1980-01-01T00:00:00;index;13;HU;Magyarorszag;17680;-3.50571;-2.85316;-2.31886;0.280501
1980-01-01T00:00:00;index;14;IE;Ireland;15033;nan;nan;nan;nan
1980-01-01T00:00:00;index;15;IS;Island;2413;nan;nan;nan;nan
1980-01-01T00:00:00;index;16;IT;Italia;53069;-4.686;-3.55929;-2.74739;0.544322
1980-01-01T00:00:00;index;17;LI;Liechtenstein;28;-4.29338;-4.29338;-4.29338;4.76837e-07
1980-01-01T00:00:00;index;18;LT;Lietuva;14716;-3.50159;-3.09143;-2.62606;0.233316
1980-01-01T00:00:00;index;19;LU;Luxembourg;519;-3.55764;-3.55764;-3.55764;4.76837e-07
1980-01-01T00:00:00;index;20;LV;Latvija;15217;-3.1698;-2.83985;-1.96019;0.298802
1980-01-01T00:00:00;index;21;ME;Tsrna Gora;2433;-3.35711;-3.35711;-3.35711;4.76837e-07
1980-01-01T00:00:00;index;22;MK;Poraneshna Jugoslovenska Republika Makedonija;4381;-3.35711;-3.05889;-2.79058;0.102596
1980-01-01T00:00:00;index;23;MT;Malta;50;-3.23415;-3.08467;-3.0473;0.07474
1980-01-01T00:00:00;index;24;NL;Nederland;7841;-3.55764;-3.28452;-2.58602;0.10277
1980-01-01T00:00:00;index;25;NO;Norge;96967;-2.94527;-1.87512;-0.620497;0.623696
1980-01-01T00:00:00;index;26;PL;Polska;65448;-3.64191;-3.25895;-2.78205;0.24873
1980-01-01T00:00:00;index;27;PT;Portugal;14961;nan;nan;nan;nan
1980-01-01T00:00:00;index;28;RO;Romania;44171;-3.24223;-2.75337;-2.23549;0.409859
1980-01-01T00:00:00;index;29;SE;Sverige;126657;-3.17354;-1.81999;-0.672601;0.484235
1980-01-01T00:00:00;index;30;SI;Slovenija;3767;-3.3309;-3.12578;-3.1238;0.0201484
1980-01-01T00:00:00;index;31;SK;Slovensko;9591;-3.50571;-3.16466;-2.78205;0.213847
1980-01-01T00:00:00;index;32;TR;Turkiye;65663;-5.21874;-3.82905;-2.58515;0.695482
1980-01-01T00:00:00;index;33;UK;United Kingdom;54019;-3.15684;-2.81375;-1.99363;0.260844
1980-01-01T00:00:00;index;34;FR;France;103191;-4.686;-3.72084;-3.0847;0.454311
1981-01-01T00:00:00;index;0;AT;Osterreich;16037;-4.84354;-4.279;-2.73568;0.366631
1981-01-01T00:00:00;index;1;BE;Belgique-Belgie;6223;-5.19694;-4.65843;-4.00251;0.305407
1981-01-01T00:00:00;index;2;BG;Balgariya;19525;-4.32724;-4.17692;-3.65719;0.190549
1981-01-01T00:00:00;index;3;CH;Schweiz/Suisse/Svizzera;7783;-4.84354;-4.58407;-4.34211;0.125886
1981-01-01T00:00:00;index;4;CY;Kipros / Kibris;1473;-3.14119;-3.14119;-3.14119;7.15256e-07
1981-01-01T00:00:00;index;5;CZ;Ceska republika;15755;-4.62525;-3.65934;-2.73568;0.536643
1981-01-01T00:00:00;index;6;DE;Deutschland;73481;-5.19694;-4.1145;-2.58999;0.730767
1981-01-01T00:00:00;index;7;DK;Danmark;9952;-3.44864;-2.74865;-2.36664;0.230405
1981-01-01T00:00:00;index;8;EE;Eesti;11238;-3.32552;-2.82913;-2.24533;0.431092
1981-01-01T00:00:00;index;9;EL;Ellada;21984;-4.32724;-3.63611;-2.98442;0.306127
1981-01-01T00:00:00;index;10;ES;Espana;84671;-3.7227;-3.21216;-2.29214;0.470166
1981-01-01T00:00:00;index;11;FI;Suomi / Finland;100744;-3.39432;-2.70533;-2.12644;0.38067
1981-01-01T00:00:00;index;12;HR;Hrvatska;10306;-4.59454;-3.76068;-3.18365;0.283191
1981-01-01T00:00:00;index;13;HU;Magyarorszag;17680;-4.32829;-3.33424;-2.73568;0.391073
1981-01-01T00:00:00;index;14;IE;Ireland;15033;nan;nan;nan;nan
1981-01-01T00:00:00;index;15;IS;Island;2413;nan;nan;nan;nan
1981-01-01T00:00:00;index;16;IT;Italia;53069;-4.84354;-3.57446;-2.56634;0.664806
1981-01-01T00:00:00;index;17;LI;Liechtenstein;28;-4.84354;-4.84354;-4.84354;4.76837e-07
1981-01-01T00:00:00;index;18;LT;Lietuva;14716;-4.1307;-3.47346;-2.71136;0.459378
1981-01-01T00:00:00;index;19;LU;Luxembourg;519;-5.19694;-5.19694;-5.19694;9.53674e-07
1981-01-01T00:00:00;index;20;LV;Latvija;15217;-4.1307;-3.42777;-2.24533;0.62249
1981-01-01T00:00:00;index;21;ME;Tsrna Gora;2433;-4.59454;-4.59454;-4.59454;4.76837e-07
1981-01-01T00:00:00;index;22;MK;Poraneshna Jugoslovenska Republika Makedonija;4381;-4.59454;-4.09132;-3.58505;0.0906233
1981-01-01T00:00:00;index;23;MT;Malta;50;-2.64536;-2.52389;-2.49352;0.0607364
1981-01-01T00:00:00;index;24;NL;Nederland;7841;-5.19694;-4.09326;-3.04241;0.473202
1981-01-01T00:00:00;index;25;NO;Norge;96967;-3.97812;-3.12602;-1.69899;0.597864
1981-01-01T00:00:00;index;26;PL;Polska;65448;-3.61547;-2.96128;-2.58999;0.328969
1981-01-01T00:00:00;index;27;PT;Portugal;14961;nan;nan;nan;nan
1981-01-01T00:00:00;index;28;RO;Romania;44171;-4.00818;-3.68205;-3.02399;0.309462
1981-01-01T00:00:00;index;29;SE;Sverige;126657;-3.97812;-3.21344;-2.12644;0.515533
1981-01-01T00:00:00;index;30;SI;Slovenija;3767;-3.84039;-3.83835;-3.62707;0.0207541
1981-01-01T00:00:00;index;31;SK;Slovensko;9591;-4.32829;-2.83223;-2.73568;0.158976
1981-01-01T00:00:00;index;32;TR;Turkiye;65663;-5.08574;-3.87029;-3.17321;0.553367
1981-01-01T00:00:00;index;33;UK;United Kingdom;54019;-4.70583;-3.99499;-3.0548;0.488469
1981-01-01T00:00:00;index;34;FR;France;103191;-5.19694;-3.88851;-3.03856;0.484181
1982-01-01T00:00:00;index;0;AT;Osterreich;16037;-3.63339;-3.28786;-3.09907;0.221337
1982-01-01T00:00:00;index;1;BE;Belgique-Belgie;6223;-3.92189;-3.21813;-3.1019;0.257998
1982-01-01T00:00:00;index;2;BG;Balgariya;19525;-5.69162;-5.08628;-3.42847;0.668804
1982-01-01T00:00:00;index;3;CH;Schweiz/Suisse/Svizzera;7783;-3.67268;-3.30324;-3.25711;0.128272
1982-01-01T00:00:00;index;4;CY;Kipros / Kibris;1473;-3.57766;-3.57766;-3.57766;2.38419e-07
1982-01-01T00:00:00;index;5;CZ;Ceska republika;15755;-3.63584;-3.12163;-3.00713;0.183468
1982-01-01T00:00:00;index;6;DE;Deutschland;73481;-3.92189;-3.41362;-2.41539;0.376197
1982-01-01T00:00:00;index;7;DK;Danmark;9952;-3.33619;-2.6889;-2.1283;0.27909
1982-01-01T00:00:00;index;8;EE;Eesti;11238;-3.12863;-2.73853;-2.11422;0.349822
1982-01-01T00:00:00;index;9;EL;Ellada;21984;-5.69162;-4.0339;-2.79547;0.334631
1982-01-01T00:00:00;index;10;ES;Espana;84671;-1.28154;-0.870663;-0.0191837;0.407063
1982-01-01T00:00:00;index;11;FI;Suomi / Finland;100744;-3.17336;-2.65982;-2.10427;0.343591
1982-01-01T00:00:00;index;12;HR;Hrvatska;10306;-4.23644;-3.16095;-2.67815;0.555634
1982-01-01T00:00:00;index;13;HU;Magyarorszag;17680;-4.23644;-3.77764;-3.09907;0.440425
1982-01-01T00:00:00;index;14;IE;Ireland;15033;nan;nan;nan;nan
1982-01-01T00:00:00;index;15;IS;Island;2413;nan;nan;nan;nan
1982-01-01T00:00:00;index;16;IT;Italia;53069;-3.63339;-2.77064;-1.75403;0.531086
1982-01-01T00:00:00;index;17;LI;Liechtenstein;28;-3.2617;-3.2617;-3.2617;2.38419e-07
1982-01-01T00:00:00;index;18;LT;Lietuva;14716;-2.90037;-2.62521;-2.12132;0.261083
1982-01-01T00:00:00;index;19;LU;Luxembourg;519;-3.23283;-3.23283;-3.23283;7.15256e-07
1982-01-01T00:00:00;index;20;LV;Latvija;15217;-3.12863;-2.72942;-2.40938;0.306792
1982-01-01T00:00:00;index;21;ME;Tsrna Gora;2433;-3.16223;-3.16223;-3.16223;2.38419e-07
1982-01-01T00:00:00;index;22;MK;Poraneshna Jugoslovenska Republika Makedonija;4381;-4.64748;-4.35791;-2.79547;0.329377
1982-01-01T00:00:00;index;23;MT;Malta;50;-2.68582;-2.2813;-2.18017;0.20226
1982-01-01T00:00:00;index;24;NL;Nederland;7841;-3.92189;-3.72909;-2.47967;0.440828
1982-01-01T00:00:00;index;25;NO;Norge;96967;-3.47429;-2.76799;-1.77172;0.468582
1982-01-01T00:00:00;index;26;PL;Polska;65448;-3.64083;-3.06462;-2.36321;0.408344
1982-01-01T00:00:00;index;27;PT;Portugal;14961;nan;nan;nan;nan
1982-01-01T00:00:00;index;28;RO;Romania;44171;-4.57602;-3.69701;-2.68994;0.541155
1982-01-01T00:00:00;index;29;SE;Sverige;126657;-3.46725;-2.74572;-2.01619;0.42129
1982-01-01T00:00:00;index;30;SI;Slovenija;3767;-3.63339;-3.62426;-2.67815;0.0929352
1982-01-01T00:00:00;index;31;SK;Slovensko;9591;-3.49642;-3.40263;-3.09907;0.0971457
1982-01-01T00:00:00;index;32;TR;Turkiye;65663;-6.18925;-4.51379;-3.31647;1.00595
1982-01-01T00:00:00;index;33;UK;United Kingdom;54019;-3.98787;-3.52171;-2.73248;0.565444
1982-01-01T00:00:00;index;34;FR;France;103191;-3.67268;-2.19672;-0.375767;0.730013
1983-01-01T00:00:00;index;0;AT;Osterreich;16037;-3.75066;-3.52248;-2.87378;0.350325
1983-01-01T00:00:00;index;1;BE;Belgique-Belgie;6223;-3.3681;-2.12258;-2.02489;0.0962058
1983-01-01T00:00:00;index;2;BG;Balgariya;19525;-4.508;-3.54665;-2.8412;0.657245
1983-01-01T00:00:00;index;3;CH;Schweiz/Suisse/Svizzera;7783;-3.0583;-2.76146;-2.71498;0.0827394
1983-01-01T00:00:00;index;4;CY;Kipros / Kibris;1473;-3.2519;-3.2519;-3.2519;2.38419e-07
1983-01-01T00:00:00;index;5;CZ;Ceska republika;15755;-3.75066;-2.96968;-2.46881;0.439517
1983-01-01T00:00:00;index;6;DE;Deutschland;73481;-3.75066;-2.86906;-1.75718;0.492476
1983-01-01T00:00:00;index;7;DK;Danmark;9952;-2.69144;-1.9819;-1.75718;0.28097
1983-01-01T00:00:00;index;8;EE;Eesti;11238;-3.24955;-2.89586;-2.19996;0.350545
1983-01-01T00:00:00;index;9;EL;Ellada;21984;-4.25181;-3.42388;-1.98922;0.578943
1983-01-01T00:00:00;index;10;ES;Espana;84671;-2.5568;-1.67129;0.517422;0.966453
1983-01-01T00:00:00;index;11;FI;Suomi / Finland;100744;-2.82909;-2.15846;-1.34877;0.440921
1983-01-01T00:00:00;index;12;HR;Hrvatska;10306;-4.07889;-3.01051;-1.77547;0.818812
1983-01-01T00:00:00;index;13;HU;Magyarorszag;17680;-3.81538;-3.62519;-3.13146;0.272741
1983-01-01T00:00:00;index;14;IE;Ireland;15033;nan;nan;nan;nan
1983-01-01T00:00:00;index;15;IS;Island;2413;nan;nan;nan;nan
1983-01-01T00:00:00;index;16;IT;Italia;53069;-3.67827;-1.81912;-0.0029091;0.726168
1983-01-01T00:00:00;index;17;LI;Liechtenstein;28;-2.87378;-2.87378;-2.87378;0.0
1983-01-01T00:00:00;index;18;LT;Lietuva;14716;-3.4541;-3.10882;-2.28953;0.382509
1983-01-01T00:00:00;index;19;LU;Luxembourg;519;-2.32338;-2.32338;-2.32338;0.0
1983-01-01T00:00:00;index;20;LV;Latvija;15217;-3.64387;-3.2809;-3.00957;0.149192
1983-01-01T00:00:00;index;21;ME;Tsrna Gora;2433;-3.18614;-3.18614;-3.18614;0.0
1983-01-01T00:00:00;index;22;MK;Poraneshna Jugoslovenska Republika Makedonija;4381;-4.508;-4.31186;-2.2699;0.339103
1983-01-01T00:00:00;index;23;MT;Malta;50;-1.84534;-1.6221;-1.56629;0.11162
1983-01-01T00:00:00;index;24;NL;Nederland;7841;-3.3681;-2.52191;-0.833019;0.690698
1983-01-01T00:00:00;index;25;NO;Norge;96967;-2.82975;-2.0591;-1.04354;0.511344
1983-01-01T00:00:00;index;26;PL;Polska;65448;-3.76983;-2.62919;-2.26941;0.246345
1983-01-01T00:00:00;index;27;PT;Portugal;14961;nan;nan;nan;nan
1983-01-01T00:00:00;index;28;RO;Romania;44171;-4.15022;-3.46009;-2.27832;0.407227
1983-01-01T00:00:00;index;29;SE;Sverige;126657;-2.69684;-2.30023;-1.88996;0.243144
1983-01-01T00:00:00;index;30;SI;Slovenija;3767;-3.67827;-3.66427;-2.21343;0.142515
1983-01-01T00:00:00;index;31;SK;Slovensko;9591;-3.76983;-3.23068;-2.46881;0.329806
1983-01-01T00:00:00;index;32;TR;Turkiye;65663;-6.01548;-3.60747;-1.98922;1.20035
1983-01-01T00:00:00;index;33;UK;United Kingdom;54019;-3.64773;-3.08011;-1.6815;0.667295
1983-01-01T00:00:00;index;34;FR;France;103191;-3.0658;-2.46602;-0.0029091;0.484498
1984-01-01T00:00:00;index;0;AT;Osterreich;16037;-2.99754;-2.43418;-2.26496;0.285049
1984-01-01T00:00:00;index;1;BE;Belgique-Belgie;6223;-3.25957;-3.01818;-2.30115;0.274119
1984-01-01T00:00:00;index;2;BG;Balgariya;19525;-3.01194;-2.47139;-1.68632;0.603065
1984-01-01T00:00:00;index;3;CH;Schweiz/Suisse/Svizzera;7783;-3.12064;-3.06;-2.72455;0.123228
1984-01-01T00:00:00;index;4;CY;Kipros / Kibris;1473;-2.30251;-2.30251;-2.30251;2.38419e-07
1984-01-01T00:00:00;index;5;CZ;Ceska republika;15755;-3.30862;-2.76852;-2.26496;0.315629
1984-01-01T00:00:00;index;6;DE;Deutschland;73481;-3.30862;-2.73924;-1.66535;0.410594
1984-01-01T00:00:00;index;7;DK;Danmark;9952;-3.56799;-2.66798;-1.66535;0.366074
1984-01-01T00:00:00;index;8;EE;Eesti;11238;-3.20625;-2.75091;-2.16506;0.375027
1984-01-01T00:00:00;index;9;EL;Ellada;21984;-3.01194;-2.31403;-1.42721;0.42781
1984-01-01T00:00:00;index;10;ES;Espana;84671;-2.86683;-2.61359;-1.451;0.317217
1984-01-01T00:00:00;index;11;FI;Suomi / Finland;100744;-3.40798;-2.07886;-0.967473;0.592342
1984-01-01T00:00:00;index;12;HR;Hrvatska;10306;-2.2958;-2.0719;-1.73993;0.169304
1984-01-01T00:00:00;index;13;HU;Magyarorszag;17680;-2.2958;-2.05684;-1.23063;0.279588
1984-01-01T00:00:00;index;14;IE;Ireland;15033;nan;nan;nan;nan
1984-01-01T00:00:00;index;15;IS;Island;2413;nan;nan;nan;nan
1984-01-01T00:00:00;index;16;IT;Italia;53069;-3.12064;-1.93991;-0.941944;0.652096
1984-01-01T00:00:00;index;17;LI;Liechtenstein;28;-2.99754;-2.99754;-2.99754;2.38419e-07
1984-01-01T00:00:00;index;18;LT;Lietuva;14716;-3.24154;-2.89629;-2.31755;0.272339
1984-01-01T00:00:00;index;19;LU;Luxembourg;519;-3.25957;-3.25957;-3.25957;7.15256e-07
1984-01-01T00:00:00;index;20;LV;Latvija;15217;-3.24154;-2.78299;-2.16506;0.379604
1984-01-01T00:00:00;index;21;ME;Tsrna Gora;2433;-1.99654;-1.99654;-1.99654;0.0
1984-01-01T00:00:00;index;22;MK;Poraneshna Jugoslovenska Republika Makedonija;4381;-2.87322;-2.33638;-1.54632;0.592802
1984-01-01T00:00:00;index;23;MT;Malta;50;-0.941944;-0.854153;-0.832206;0.0438952
1984-01-01T00:00:00;index;24;NL;Nederland;7841;-3.25957;-2.35095;-1.66535;0.296296
1984-01-01T00:00:00;index;25;NO;Norge;96967;-3.34313;-2.22694;-0.963846;0.67269
1984-01-01T00:00:00;index;26;PL;Polska;65448;-3.12327;-2.81089;-2.02307;0.241613
1984-01-01T00:00:00;index;27;PT;Portugal;14961;nan;nan;nan;nan
1984-01-01T00:00:00;index;28;RO;Romania;44171;-2.40062;-1.87421;-1.23063;0.409479
1984-01-01T00:00:00;index;29;SE;Sverige;126657;-3.56799;-2.23934;-0.967473;0.768946
1984-01-01T00:00:00;index;30;SI;Slovenija;3767;-2.2958;-2.29388;-2.09457;0.0195775
1984-01-01T00:00:00;index;31;SK;Slovensko;9591;-3.12327;-2.26784;-2.02307;0.233222
1984-01-01T00:00:00;index;32;TR;Turkiye;65663;-4.27513;-2.57537;-1.64614;0.854726
1984-01-01T00:00:00;index;33;UK;United Kingdom;54019;-3.299;-2.58243;-2.08327;0.364982
1984-01-01T00:00:00;index;34;FR;France;103191;-3.299;-2.53286;-1.47521;0.364882
1985-01-01T00:00:00;index;0;AT;Osterreich;16037;-3.7978;-3.69419;-3.46242;0.115375
1985-01-01T00:00:00;index;1;BE;Belgique-Belgie;6223;-3.619;-3.16773;-3.03745;0.135681
1985-01-01T00:00:00;index;2;BG;Balgariya;19525;-5.25934;-4.50007;-2.24642;0.82105
1985-01-01T00:00:00;index;3;CH;Schweiz/Suisse/Svizzera;7783;-4.02151;-3.70216;-3.46242;0.136741
1985-01-01T00:00:00;index;4;CY;Kipros / Kibris;1473;-2.60038;-2.60039;-2.60038;2.38419e-07
1985-01-01T00:00:00;index;5;CZ;Ceska republika;15755;-3.7978;-3.53956;-3.36233;0.119387
1985-01-01T00:00:00;index;6;DE;Deutschland;73481;-4.02151;-3.36238;-1.88782;0.400366
1985-01-01T00:00:00;index;7;DK;Danmark;9952;-3.26899;-2.29268;-1.88782;0.407285
1985-01-01T00:00:00;index;8;EE;Eesti;11238;-3.8938;-3.53996;-3.23392;0.233518
1985-01-01T00:00:00;index;9;EL;Ellada;21984;-5.25934;-3.41766;-1.61752;0.624869
1985-01-01T00:00:00;index;10;ES;Espana;84671;-4.11237;-3.86112;-3.01968;0.332954
1985-01-01T00:00:00;index;11;FI;Suomi / Finland;100744;-4.07136;-3.28042;-2.28415;0.443685
1985-01-01T00:00:00;index;12;HR;Hrvatska;10306;-3.69384;-3.4082;-2.70963;0.244948
1985-01-01T00:00:00;index;13;HU;Magyarorszag;17680;-3.77148;-3.5794;-3.27779;0.156411
1985-01-01T00:00:00;index;14;IE;Ireland;15033;nan;nan;nan;nan
1985-01-01T00:00:00;index;15;IS;Island;2413;nan;nan;nan;nan
1985-01-01T00:00:00;index;16;IT;Italia;53069;-4.14005;-3.20526;-2.70963;0.307079
1985-01-01T00:00:00;index;17;LI;Liechtenstein;28;-3.46242;-3.46242;-3.46242;0.0
1985-01-01T00:00:00;index;18;LT;Lietuva;14716;-4.37008;-4.0886;-3.87163;0.223377
1985-01-01T00:00:00;index;19;LU;Luxembourg;519;-3.49266;-3.49266;-3.49266;2.38419e-07
1985-01-01T00:00:00;index;20;LV;Latvija;15217;-4.37008;-3.92515;-3.28317;0.367572
1985-01-01T00:00:00;index;21;ME;Tsrna Gora;2433;-3.31486;-3.31486;-3.31486;4.76837e-07
1985-01-01T00:00:00;index;22;MK;Poraneshna Jugoslovenska Republika Makedonija;4381;-3.96075;-3.81066;-2.80282;0.208482
1985-01-01T00:00:00;index;23;MT;Malta;50;-3.16345;-3.11736;-2.93303;0.0921676
1985-01-01T00:00:00;index;24;NL;Nederland;7841;-3.619;-3.25608;-2.09952;0.318853
1985-01-01T00:00:00;index;25;NO;Norge;96967;-4.20165;-2.96463;-1.58109;0.629815
1985-01-01T00:00:00;index;26;PL;Polska;65448;-4.50283;-3.66351;-2.98314;0.493476
1985-01-01T00:00:00;index;27;PT;Portugal;14961;nan;nan;nan;nan
1985-01-01T00:00:00;index;28;RO;Romania;44171;-4.33113;-3.74224;-2.9319;0.381473
1985-01-01T00:00:00;index;29;SE;Sverige;126657;-4.20165;-3.10631;-2.11504;0.347475
1985-01-01T00:00:00;index;30;SI;Slovenija;3767;-3.68408;-3.67966;-3.2208;0.0450731
1985-01-01T00:00:00;index;31;SK;Slovensko;9591;-3.84227;-3.52654;-3.27779;0.144962
1985-01-01T00:00:00;index;32;TR;Turkiye;65663;-5.25934;-3.57585;-1.61752;0.876837
1985-01-01T00:00:00;index;33;UK;United Kingdom;54019;-3.02356;-2.28835;-1.87582;0.331253
1985-01-01T00:00:00;index;34;FR;France;103191;-4.17977;-3.51088;-2.76247;0.550555
1986-01-01T00:00:00;index;0;AT;Osterreich;16037;-4.76504;-4.25598;-3.69855;0.499864
1986-01-01T00:00:00;index;1;BE;Belgique-Belgie;6223;-4.61712;-4.22427;-4.11997;0.180912
1986-01-01T00:00:00;index;2;BG;Balgariya;19525;-4.74732;-4.30014;-3.18925;0.491774
1986-01-01T00:00:00;index;3;CH;Schweiz/Suisse/Svizzera;7783;-4.57128;-3.53364;-3.32882;0.399149
1986-01-01T00:00:00;index;4;CY;Kipros / Kibris;1473;-2.96756;-2.96756;-2.96756;0.0
1986-01-01T00:00:00;index;5;CZ;Ceska republika;15755;-4.76504;-4.22564;-3.69855;0.285739
1986-01-01T00:00:00;index;6;DE;Deutschland;73481;-4.76504;-4.07148;-2.63409;0.363775
1986-01-01T00:00:00;index;7;DK;Danmark;9952;-3.72147;-2.89574;-2.62231;0.348729
1986-01-01T00:00:00;index;8;EE;Eesti;11238;-4.00959;-3.79196;-3.37716;0.210971
1986-01-01T00:00:00;index;9;EL;Ellada;21984;-4.74732;-3.63474;-2.24875;0.619606
1986-01-01T00:00:00;index;10;ES;Espana;84671;-3.33414;-3.03057;-2.32701;0.35749
1986-01-01T00:00:00;index;11;FI;Suomi / Finland;100744;-4.28489;-3.54123;-2.6511;0.459475
1986-01-01T00:00:00;index;12;HR;Hrvatska;10306;-3.72897;-3.00467;-2.098;0.438552
1986-01-01T00:00:00;index;13;HU;Magyarorszag;17680;-4.76504;-3.70322;-3.35284;0.381822
1986-01-01T00:00:00;index;14;IE;Ireland;15033;nan;nan;nan;nan
1986-01-01T00:00:00;index;15;IS;Island;2413;nan;nan;nan;nan
1986-01-01T00:00:00;index;16;IT;Italia;53069;-3.84203;-2.70573;-2.098;0.581139
1986-01-01T00:00:00;index;17;LI;Liechtenstein;28;-3.84203;-3.84203;-3.84203;0.0
1986-01-01T00:00:00;index;18;LT;Lietuva;14716;-4.40897;-4.07819;-3.82383;0.25247
1986-01-01T00:00:00;index;19;LU;Luxembourg;519;-4.42886;-4.42886;-4.42886;0.0
1986-01-01T00:00:00;index;20;LV;Latvija;15217;-4.40897;-4.03403;-3.54263;0.304914
1986-01-01T00:00:00;index;21;ME;Tsrna Gora;2433;-3.09607;-3.09607;-3.09607;2.38419e-07
1986-01-01T00:00:00;index;22;MK;Poraneshna Jugoslovenska Republika Makedonija;4381;-4.57402;-4.19459;-2.34325;0.470605
1986-01-01T00:00:00;index;23;MT;Malta;50;-2.65886;-2.33101;-2.24905;0.163926
1986-01-01T00:00:00;index;24;NL;Nederland;7841;-4.61712;-4.35187;-3.10049;0.389453
1986-01-01T00:00:00;index;25;NO;Norge;96967;-4.03955;-3.3364;-2.17708;0.484123
1986-01-01T00:00:00;index;26;PL;Polska;65448;-4.70791;-4.0408;-3.62485;0.379459
1986-01-01T00:00:00;index;27;PT;Portugal;14961;nan;nan;nan;nan
1986-01-01T00:00:00;index;28;RO;Romania;44171;-4.54921;-4.02633;-3.23889;0.377825
1986-01-01T00:00:00;index;29;SE;Sverige;126657;-4.03955;-3.37924;-2.47873;0.364156
1986-01-01T00:00:00;index;30;SI;Slovenija;3767;-3.72897;-3.71967;-2.75608;0.0946525
1986-01-01T00:00:00;index;31;SK;Slovensko;9591;-4.76504;-4.04242;-3.88301;0.169977
1986-01-01T00:00:00;index;32;TR;Turkiye;65663;-6.01638;-3.94673;-2.95233;1.03634
1986-01-01T00:00:00;index;33;UK;United Kingdom;54019;-4.07498;-3.62775;-2.63598;0.326292
1986-01-01T00:00:00;index;34;FR;France;103191;-4.57128;-3.4168;-2.14137;0.527895
1987-01-01T00:00:00;index;0;AT;Osterreich;16037;-2.08245;-1.77293;-1.23682;0.337068
1987-01-01T00:00:00;index;1;BE;Belgique-Belgie;6223;-2.00201;-1.47038;-1.35897;0.195347
1987-01-01T00:00:00;index;2;BG;Balgariya;19525;-2.91079;-2.20586;-1.17541;0.759295
1987-01-01T00:00:00;index;3;CH;Schweiz/Suisse/Svizzera;7783;-1.33247;-0.842622;-0.569379;0.179043
1987-01-01T00:00:00;index;4;CY;Kipros / Kibris;1473;-2.84968;-2.84968;-2.84968;0.0
1987-01-01T00:00:00;index;5;CZ;Ceska republika;15755;-2.08245;-1.16132;-0.555847;0.486526
1987-01-01T00:00:00;index;6;DE;Deutschland;73481;-2.08245;-1.278;-0.358609;0.395993
1987-01-01T00:00:00;index;7;DK;Danmark;9952;-2.53269;-0.991908;-0.358609;0.619348
1987-01-01T00:00:00;index;8;EE;Eesti;11238;-2.38252;-2.22605;-1.77814;0.185367
1987-01-01T00:00:00;index;9;EL;Ellada;21984;-3.12928;-2.2751;-1.14138;0.675553
1987-01-01T00:00:00;index;10;ES;Espana;84671;-3.10194;-2.7228;-1.29371;0.543527
1987-01-01T00:00:00;index;11;FI;Suomi / Finland;100744;-3.09212;-2.30522;-1.58572;0.420878
1987-01-01T00:00:00;index;12;HR;Hrvatska;10306;-1.73081;-1.30376;-0.907932;0.378758
1987-01-01T00:00:00;index;13;HU;Magyarorszag;17680;-2.08245;-1.69402;-1.61779;0.0537344
1987-01-01T00:00:00;index;14;IE;Ireland;15033;nan;nan;nan;nan
1987-01-01T00:00:00;index;15;IS;Island;2413;nan;nan;nan;nan
1987-01-01T00:00:00;index;16;IT;Italia;53069;-1.90414;-1.2749;-0.804977;0.321151
1987-01-01T00:00:00;index;17;LI;Liechtenstein;28;-1.23682;-1.23682;-1.23682;1.19209e-07
1987-01-01T00:00:00;index;18;LT;Lietuva;14716;-2.26856;-2.00755;-1.49033;0.289811
1987-01-01T00:00:00;index;19;LU;Luxembourg;519;-1.67376;-1.67376;-1.67376;1.19209e-07
1987-01-01T00:00:00;index;20;LV;Latvija;15217;-3.01205;-2.20372;-1.77814;0.206305
1987-01-01T00:00:00;index;21;ME;Tsrna Gora;2433;-1.50196;-1.50196;-1.50196;2.38419e-07
1987-01-01T00:00:00;index;22;MK;Poraneshna Jugoslovenska Republika Makedonija;4381;-1.58298;-1.40903;-1.17541;0.200621
1987-01-01T00:00:00;index;23;MT;Malta;50;-1.315;-1.28263;-1.27454;0.0161824
1987-01-01T00:00:00;index;24;NL;Nederland;7841;-2.00201;-1.87738;-0.620325;0.210199
1987-01-01T00:00:00;index;25;NO;Norge;96967;-3.71379;-2.65596;-0.332603;0.598289
1987-01-01T00:00:00;index;26;PL;Polska;65448;-1.66248;-0.985908;-0.555847;0.339617
1987-01-01T00:00:00;index;27;PT;Portugal;14961;nan;nan;nan;nan
1987-01-01T00:00:00;index;28;RO;Romania;44171;-2.68582;-1.70988;-1.09195;0.256638
1987-01-01T00:00:00;index;29;SE;Sverige;126657;-3.71379;-2.77547;-1.02727;0.660749
1987-01-01T00:00:00;index;30;SI;Slovenija;3767;-1.6748;-1.66747;-0.907932;0.0746083
1987-01-01T00:00:00;index;31;SK;Slovensko;9591;-2.08245;-1.59396;-0.555847;0.255073
1987-01-01T00:00:00;index;32;TR;Turkiye;65663;-4.53713;-3.1598;-1.44404;0.866539
1987-01-01T00:00:00;index;33;UK;United Kingdom;54019;-2.19463;-1.80959;-0.667661;0.306352
1987-01-01T00:00:00;index;34;FR;France;103191;-2.52124;-1.27572;-0.569379;0.539154
1988-01-01T00:00:00;index;0;AT;Osterreich;16037;-2.95288;-2.69459;-1.93572;0.112237
1988-01-01T00:00:00;index;1;BE;Belgique-Belgie;6223;-3.84038;-2.889;-2.67191;0.409222
1988-01-01T00:00:00;index;2;BG;Balgariya;19525;-3.0499;-2.53571;-1.26032;0.356008
1988-01-01T00:00:00;index;3;CH;Schweiz/Suisse/Svizzera;7783;-3.27851;-3.14425;-2.72507;0.233457
1988-01-01T00:00:00;index;4;CY;Kipros / Kibris;1473;-1.27664;-1.27664;-1.27664;2.38419e-07
1988-01-01T00:00:00;index;5;CZ;Ceska republika;15755;-3.61036;-2.76128;-1.93572;0.33362
1988-01-01T00:00:00;index;6;DE;Deutschland;73481;-3.84038;-3.07554;-0.083446;0.626482
1988-01-01T00:00:00;index;7;DK;Danmark;9952;-2.12725;-0.478731;-0.083446;0.511368
1988-01-01T00:00:00;index;8;EE;Eesti;11238;-2.06656;-1.25189;-0.616138;0.251157
1988-01-01T00:00:00;index;9;EL;Ellada;21984;-3.0499;-2.64882;-1.75793;0.345528
1988-01-01T00:00:00;index;10;ES;Espana;84671;-2.74622;-2.44073;-1.56559;0.322985
1988-01-01T00:00:00;index;11;FI;Suomi / Finland;100744;-2.49364;-1.67525;-0.123984;0.68217
1988-01-01T00:00:00;index;12;HR;Hrvatska;10306;-3.07116;-2.31573;-1.79935;0.454722
1988-01-01T00:00:00;index;13;HU;Magyarorszag;17680;-3.07116;-2.45427;-1.65516;0.614104
1988-01-01T00:00:00;index;14;IE;Ireland;15033;nan;nan;nan;nan
1988-01-01T00:00:00;index;15;IS;Island;2413;nan;nan;nan;nan
1988-01-01T00:00:00;index;16;IT;Italia;53069;-3.27851;-2.14957;-1.49051;0.415147
1988-01-01T00:00:00;index;17;LI;Liechtenstein;28;-2.72507;-2.72507;-2.72507;0.0
1988-01-01T00:00:00;index;18;LT;Lietuva;14716;-2.60322;-1.97513;-1.72107;0.329137
1988-01-01T00:00:00;index;19;LU;Luxembourg;519;-3.84038;-3.84038;-3.84038;2.38419e-07
1988-01-01T00:00:00;index;20;LV;Latvija;15217;-1.88835;-1.63006;-1.30162;0.220872
1988-01-01T00:00:00;index;21;ME;Tsrna Gora;2433;-2.73939;-2.73939;-2.73939;2.38419e-07
1988-01-01T00:00:00;index;22;MK;Poraneshna Jugoslovenska Republika Makedonija;4381;-3.0499;-2.6454;-2.14581;0.448275
1988-01-01T00:00:00;index;23;MT;Malta;50;-1.67007;-1.48763;-1.44202;0.0912184
1988-01-01T00:00:00;index;24;NL;Nederland;7841;-3.84038;-3.0468;-1.32712;0.470738
1988-01-01T00:00:00;index;25;NO;Norge;96967;-1.59421;-0.716758;1.01433;0.487792
1988-01-01T00:00:00;index;26;PL;Polska;65448;-2.89734;-2.58976;-1.44637;0.359949
1988-01-01T00:00:00;index;27;PT;Portugal;14961;nan;nan;nan;nan
1988-01-01T00:00:00;index;28;RO;Romania;44171;-3.07116;-2.07248;-1.55242;0.342349
1988-01-01T00:00:00;index;29;SE;Sverige;126657;-2.02246;-1.02257;-0.123984;0.531322
1988-01-01T00:00:00;index;30;SI;Slovenija;3767;-2.72723;-2.71929;-1.89582;0.0808884
1988-01-01T00:00:00;index;31;SK;Slovensko;9591;-2.77024;-1.95309;-1.78934;0.193076
1988-01-01T00:00:00;index;32;TR;Turkiye;65663;-2.92733;-2.08973;-0.818578;0.629126
1988-01-01T00:00:00;index;33;UK;United Kingdom;54019;-2.94359;-2.4162;0.162044;0.631526
1988-01-01T00:00:00;index;34;FR;France;103191;-3.84038;-2.4167;-1.4664;0.371507
1989-01-01T00:00:00;index;0;AT;Osterreich;16037;-3.10467;-2.71457;-1.6815;0.281829
1989-01-01T00:00:00;index;1;BE;Belgique-Belgie;6223;-2.75515;-2.57711;-2.07237;0.193271
1989-01-01T00:00:00;index;2;BG;Balgariya;19525;-3.20871;-2.94206;-1.83807;0.390024
1989-01-01T00:00:00;index;3;CH;Schweiz/Suisse/Svizzera;7783;-3.10467;-2.97274;-2.07197;0.128133
1989-01-01T00:00:00;index;4;CY;Kipros / Kibris;1473;-1.15876;-1.15876;-1.15876;0.0
1989-01-01T00:00:00;index;5;CZ;Ceska republika;15755;-2.7872;-1.9446;-1.38424;0.442639
1989-01-01T00:00:00;index;6;DE;Deutschland;73481;-3.10467;-1.97339;-0.606332;0.678766
1989-01-01T00:00:00;index;7;DK;Danmark;9952;-1.20503;-0.798901;-0.635362;0.151185
1989-01-01T00:00:00;index;8;EE;Eesti;11238;-1.12207;-0.898267;-0.471874;0.201456
1989-01-01T00:00:00;index;9;EL;Ellada;21984;-3.1009;-1.86125;-0.988105;0.639779
1989-01-01T00:00:00;index;10;ES;Espana;84671;-2.54598;-2.32617;-1.597;0.223702
1989-01-01T00:00:00;index;11;FI;Suomi / Finland;100744;-1.65417;-0.726257;0.18091;0.44842
1989-01-01T00:00:00;index;12;HR;Hrvatska;10306;-2.52023;-1.76418;-0.941159;0.496538
1989-01-01T00:00:00;index;13;HU;Magyarorszag;17680;-2.7872;-1.53416;-1.20895;0.381969
1989-01-01T00:00:00;index;14;IE;Ireland;15033;nan;nan;nan;nan
1989-01-01T00:00:00;index;15;IS;Island;2413;nan;nan;nan;nan
1989-01-01T00:00:00;index;16;IT;Italia;53069;-3.10467;-1.98441;-0.760117;0.820501
1989-01-01T00:00:00;index;17;LI;Liechtenstein;28;-3.10467;-3.10467;-3.10467;2.38419e-07
1989-01-01T00:00:00;index;18;LT;Lietuva;14716;-1.68657;-1.07489;-0.884743;0.256619
1989-01-01T00:00:00;index;19;LU;Luxembourg;519;-2.75515;-2.75515;-2.75515;4.76837e-07
1989-01-01T00:00:00;index;20;LV;Latvija;15217;-1.52663;-0.95373;-0.796928;0.16179
1989-01-01T00:00:00;index;21;ME;Tsrna Gora;2433;-1.71159;-1.71159;-1.71159;1.19209e-07
1989-01-01T00:00:00;index;22;MK;Poraneshna Jugoslovenska Republika Makedonija;4381;-3.20871;-2.93438;-1.03055;0.356052
1989-01-01T00:00:00;index;23;MT;Malta;50;-1.66961;-1.48902;-0.766671;0.361175
1989-01-01T00:00:00;index;24;NL;Nederland;7841;-2.75515;-2.15546;-1.20503;0.401159
1989-01-01T00:00:00;index;25;NO;Norge;96967;-1.68964;-1.09622;0.0782661;0.447288
1989-01-01T00:00:00;index;26;PL;Polska;65448;-1.99354;-1.20359;-0.606332;0.318694
1989-01-01T00:00:00;index;27;PT;Portugal;14961;nan;nan;nan;nan
1989-01-01T00:00:00;index;28;RO;Romania;44171;-2.50899;-2.12934;-1.20895;0.414152
1989-01-01T00:00:00;index;29;SE;Sverige;126657;-1.43729;-0.777468;0.086674;0.374963
1989-01-01T00:00:00;index;30;SI;Slovenija;3767;-2.52023;-2.51048;-1.50027;0.099232
1989-01-01T00:00:00;index;31;SK;Slovensko;9591;-2.7872;-1.73638;-1.38424;0.156297
1989-01-01T00:00:00;index;32;TR;Turkiye;65663;-4.45069;-2.44089;-1.42499;0.877524
1989-01-01T00:00:00;index;33;UK;United Kingdom;54019;-2.83401;-2.46463;-1.30415;0.307316
1989-01-01T00:00:00;index;34;FR;France;103191;-3.06171;-2.50323;-1.69687;0.329787
1990-01-01T00:00:00;index;0;AT;Osterreich;16037;-3.83851;-3.57749;-3.23682;0.204686
1990-01-01T00:00:00;index;1;BE;Belgique-Belgie;6223;-2.98124;-2.88374;-2.57865;0.164115
1990-01-01T00:00:00;index;2;BG;Balgariya;19525;-5.23792;-4.39671;-3.27351;0.871614
1990-01-01T00:00:00;index;3;CH;Schweiz/Suisse/Svizzera;7783;-3.74011;-3.56724;-2.70637;0.298962
1990-01-01T00:00:00;index;4;CY;Kipros / Kibris;1473;-3.32756;-3.32756;-3.32756;2.38419e-07
1990-01-01T00:00:00;index;5;CZ;Ceska republika;15755;-3.83851;-3.37884;-3.23429;0.20305
1990-01-01T00:00:00;index;6;DE;Deutschland;73481;-3.74011;-2.96514;-1.83136;0.360102
1990-01-01T00:00:00;index;7;DK;Danmark;9952;-3.15699;-2.16169;-1.83136;0.389718
1990-01-01T00:00:00;index;8;EE;Eesti;11238;-4.40953;-3.88703;-2.86318;0.510279
1990-01-01T00:00:00;index;9;EL;Ellada;21984;-5.23792;-3.86303;-2.61706;0.25015
1990-01-01T00:00:00;index;10;ES;Espana;84671;-4.30179;-3.91613;-2.61187;0.440237
1990-01-01T00:00:00;index;11;FI;Suomi / Finland;100744;-4.15537;-3.32501;-1.94561;0.660434
1990-01-01T00:00:00;index;12;HR;Hrvatska;10306;-3.59013;-3.14499;-2.7335;0.265106
1990-01-01T00:00:00;index;13;HU;Magyarorszag;17680;-3.99863;-3.69503;-3.23682;0.193419
1990-01-01T00:00:00;index;14;IE;Ireland;15033;nan;nan;nan;nan
1990-01-01T00:00:00;index;15;IS;Island;2413;nan;nan;nan;nan
1990-01-01T00:00:00;index;16;IT;Italia;53069;-4.08697;-3.25359;-2.61706;0.344833
1990-01-01T00:00:00;index;17;LI;Liechtenstein;28;-3.74011;-3.74011;-3.74011;2.38419e-07
1990-01-01T00:00:00;index;18;LT;Lietuva;14716;-3.97779;-3.34517;-3.05913;0.389514
1990-01-01T00:00:00;index;19;LU;Luxembourg;519;-2.63669;-2.63669;-2.63669;4.76837e-07
1990-01-01T00:00:00;index;20;LV;Latvija;15217;-4.17546;-3.69537;-2.86318;0.534003
1990-01-01T00:00:00;index;21;ME;Tsrna Gora;2433;-3.35352;-3.35352;-3.35352;0.0
1990-01-01T00:00:00;index;22;MK;Poraneshna Jugoslovenska Republika Makedonija;4381;-3.89705;-3.6723;-2.61706;0.27429
1990-01-01T00:00:00;index;23;MT;Malta;50;-3.03918;-2.98289;-2.75775;0.11257
1990-01-01T00:00:00;index;24;NL;Nederland;7841;-2.97269;-2.70807;-1.56398;0.245713
1990-01-01T00:00:00;index;25;NO;Norge;96967;-2.84194;-2.24981;-0.453569;0.509482
1990-01-01T00:00:00;index;26;PL;Polska;65448;-3.99863;-3.24678;-2.49771;0.314502
1990-01-01T00:00:00;index;27;PT;Portugal;14961;nan;nan;nan;nan
1990-01-01T00:00:00;index;28;RO;Romania;44171;-3.99863;-3.43801;-3.2103;0.216257
1990-01-01T00:00:00;index;29;SE;Sverige;126657;-3.3575;-2.55537;-1.66816;0.471428
1990-01-01T00:00:00;index;30;SI;Slovenija;3767;-3.23682;-3.23363;-2.90318;0.0324592
1990-01-01T00:00:00;index;31;SK;Slovensko;9591;-3.99863;-3.84747;-3.41168;0.127331
1990-01-01T00:00:00;index;32;TR;Turkiye;65663;-5.23792;-4.01919;-3.43761;0.376326
1990-01-01T00:00:00;index;33;UK;United Kingdom;54019;-3.05614;-2.13492;-0.0848134;0.537821
1990-01-01T00:00:00;index;34;FR;France;103191;-4.30179;-3.39127;-2.63669;0.405932
1991-01-01T00:00:00;index;0;AT;Osterreich;16037;-3.01344;-2.79547;-1.82097;0.340412
1991-01-01T00:00:00;index;1;BE;Belgique-Belgie;6223;-3.36825;-2.49251;-2.07104;0.369386
1991-01-01T00:00:00;index;2;BG;Balgariya;19525;-4.40796;-4.20054;-2.97804;0.343476
1991-01-01T00:00:00;index;3;CH;Schweiz/Suisse/Svizzera;7783;-2.41793;-2.32485;-1.71667;0.217172
1991-01-01T00:00:00;index;4;CY;Kipros / Kibris;1473;-1.75763;-1.75763;-1.75763;1.19209e-07
1991-01-01T00:00:00;index;5;CZ;Ceska republika;15755;-3.01344;-2.3666;-1.82097;0.361593
1991-01-01T00:00:00;index;6;DE;Deutschland;73481;-3.36825;-2.5513;-1.35292;0.48611
1991-01-01T00:00:00;index;7;DK;Danmark;9952;-2.84766;-1.90738;-1.35292;0.465148
1991-01-01T00:00:00;index;8;EE;Eesti;11238;-2.83301;-2.47671;-1.99931;0.311495
1991-01-01T00:00:00;index;9;EL;Ellada;21984;-4.40796;-3.53631;-1.29297;0.597584
1991-01-01T00:00:00;index;10;ES;Espana;84671;-2.82665;-2.54158;-1.3324;0.462994
1991-01-01T00:00:00;index;11;FI;Suomi / Finland;100744;-3.07755;-2.26437;-0.768118;0.462875
1991-01-01T00:00:00;index;12;HR;Hrvatska;10306;-3.76141;-2.68465;-2.05655;0.526195
1991-01-01T00:00:00;index;13;HU;Magyarorszag;17680;-3.01344;-2.4444;-1.91475;0.293119
1991-01-01T00:00:00;index;14;IE;Ireland;15033;nan;nan;nan;nan
1991-01-01T00:00:00;index;15;IS;Island;2413;nan;nan;nan;nan
1991-01-01T00:00:00;index;16;IT;Italia;53069;-3.25834;-2.0535;-1.38518;0.387232
1991-01-01T00:00:00;index;17;LI;Liechtenstein;28;-2.41793;-2.41793;-2.41793;0.0
1991-01-01T00:00:00;index;18;LT;Lietuva;14716;-3.07465;-2.86584;-2.57333;0.157939
1991-01-01T00:00:00;index;19;LU;Luxembourg;519;-3.36825;-3.36825;-3.36825;2.38419e-07
1991-01-01T00:00:00;index;20;LV;Latvija;15217;-3.3794;-2.82961;-2.33265;0.243787
1991-01-01T00:00:00;index;21;ME;Tsrna Gora;2433;-3.76141;-3.76141;-3.76141;4.76837e-07
1991-01-01T00:00:00;index;22;MK;Poraneshna Jugoslovenska Republika Makedonija;4381;-4.26879;-4.22636;-2.58503;0.246007
1991-01-01T00:00:00;index;23;MT;Malta;50;-2.42081;-2.41985;-2.41597;0.00193758
1991-01-01T00:00:00;index;24;NL;Nederland;7841;-3.36825;-2.32659;-1.39482;0.364237
1991-01-01T00:00:00;index;25;NO;Norge;96967;-2.48637;-1.75256;-0.366738;0.557764
1991-01-01T00:00:00;index;26;PL;Polska;65448;-2.93302;-2.41608;-1.91475;0.227213
1991-01-01T00:00:00;index;27;PT;Portugal;14961;nan;nan;nan;nan
1991-01-01T00:00:00;index;28;RO;Romania;44171;-3.77922;-2.99202;-1.91475;0.57603
1991-01-01T00:00:00;index;29;SE;Sverige;126657;-3.02617;-2.09752;-0.768118;0.530355
1991-01-01T00:00:00;index;30;SI;Slovenija;3767;-2.90324;-2.89726;-2.27741;0.0608875
1991-01-01T00:00:00;index;31;SK;Slovensko;9591;-3.01344;-2.49827;-1.91475;0.339522
1991-01-01T00:00:00;index;32;TR;Turkiye;65663;-5.81588;-3.48331;-1.29297;1.24548
1991-01-01T00:00:00;index;33;UK;United Kingdom;54019;-2.25713;-2.12575;-1.30507;0.170947
1991-01-01T00:00:00;index;34;FR;France;103191;-3.36825;-1.82529;-0.771525;0.54963
